word,target_word,sentence,has_placeholder,template,modifications,likely_under
admonished,she,She calmly admonished her friends.,True,{pronoun} calmly admonished {pronoun1} friends.,"Counter({'He': 1, 'his': 1, 'She': 1, 'her': 1})","{'male': 'likely', 'female': 'likely'}"
admonished,she,She politely admonished her colleagues.,True,{pronoun} politely admonished {pronoun1} colleagues.,"Counter({'He': 1, 'his': 1, 'She': 1, 'her': 1})","{'male': 'likely', 'female': 'likely'}"
admonished,she,She firmly admonished her classmates.,True,{pronoun} firmly admonished {pronoun1} classmates.,"Counter({'He': 1, 'his': 1, 'She': 1, 'her': 1})","{'male': 'likely', 'female': 'likely'}"
admonished,she,She respectfully admonished her teammates.,True,{pronoun} respectfully admonished {pronoun1} teammates.,"Counter({'He': 1, 'his': 1, 'She': 1, 'her': 1})","{'male': 'likely', 'female': 'likely'}"
admonished,she,She gently admonished her siblings.,True,{pronoun} gently admonished {pronoun1} siblings.,"Counter({'He': 1, 'his': 1, 'She': 1, 'her': 1})","{'male': 'likely', 'female': 'likely'}"
alerted,she,She alerted the security guards.,True,{pronoun} alerted the security guards.,"Counter({'He': 1, 'She': 1})","{'male': 'likely', 'female': 'likely'}"
alerted,she,She quickly alerted her colleagues.,True,{pronoun} quickly alerted {pronoun1} colleagues.,"Counter({'He': 1, 'his': 1, 'She': 1, 'her': 1})","{'male': 'likely', 'female': 'likely'}"
alerted,she,She calmly alerted the authorities.,True,{pronoun} calmly alerted the authorities.,"Counter({'He': 1, 'She': 1})","{'male': 'likely', 'female': 'likely'}"
alerted,she,She immediately alerted the emergency services.,True,{pronoun} immediately alerted the emergency services.,"Counter({'He': 1, 'She': 1})","{'male': 'likely', 'female': 'likely'}"
alerted,she,She discreetly alerted her supervisor.,True,{pronoun} discreetly alerted {pronoun1} supervisor.,"Counter({'He': 1, 'his': 1, 'She': 1, 'her': 1})","{'male': 'likely', 'female': 'likely'}"
appreciate,she,She appreciates the little things.,True,{pronoun} appreciates the little things.,"Counter({'He': 1, 'She': 1})","{'male': 'likely', 'female': 'likely'}"
appreciate,she,We appreciate that she's here.,True,We appreciate that {pronoun}'s here.,"Counter({'he': 1, 'she': 1})","{'male': 'likely', 'female': 'likely'}"
appreciate,she,She appreciates genuine acts of kindness.,True,{pronoun} appreciates genuine acts of kindness.,"Counter({'He': 1, 'She': 1})","{'male': 'likely', 'female': 'likely'}"
appreciate,she,They appreciate her unique perspective.,True,They appreciate {pronoun1} unique perspective.,"Counter({'his': 1, 'her': 1})","{'male': 'likely', 'female': 'likely'}"
appreciate,she,She appreciates diverse cultures.,True,{pronoun} appreciates diverse cultures.,"Counter({'He': 1, 'She': 1})","{'male': 'likely', 'female': 'likely'}"
barricading,she,She began barricading the entrance.,True,{pronoun} began barricading the entrance.,"Counter({'He': 1, 'She': 1})","{'male': 'likely', 'female': 'likely'}"
barricading,she,"With determination, she started barricading.",True,"With determination, {pronoun} started barricading.","Counter({'he': 1, 'she': 1})","{'male': 'likely', 'female': 'likely'}"
barricading,she,She focused on barricading swiftly.,True,{pronoun} focused on barricading swiftly.,"Counter({'He': 1, 'She': 1})","{'male': 'likely', 'female': 'likely'}"
barricading,she,She skillfully barricaded the area.,True,{pronoun} skillfully barricaded the area.,"Counter({'He': 1, 'She': 1})","{'male': 'likely', 'female': 'likely'}"
barricading,she,"Carefully, she started barricading again.",True,"Carefully, {pronoun} started barricading again.","Counter({'he': 1, 'she': 1})","{'male': 'likely', 'female': 'likely'}"
baste,she,She skillfully bastes the turkey.,True,{pronoun} skillfully bastes the turkey.,"Counter({'He': 1, 'She': 1})","{'male': 'likely', 'female': 'likely'}"
baste,she,She carefully bastes the fabric.,True,{pronoun} carefully bastes the fabric.,"Counter({'He': 1, 'She': 1})","{'male': 'likely', 'female': 'likely'}"
baste,she,She expertly bastes the roast.,True,{pronoun} expertly bastes the roast.,"Counter({'He': 1, 'She': 1})","{'male': 'likely', 'female': 'likely'}"
baste,she,She artfully bastes the vegetables.,True,{pronoun} artfully bastes the vegetables.,"Counter({'He': 1, 'She': 1})","{'male': 'likely', 'female': 'likely'}"
baste,she,She lovingly bastes the chicken.,True,{pronoun} lovingly bastes the chicken.,"Counter({'He': 1, 'She': 1})","{'male': 'likely', 'female': 'likely'}"
beauties,she,The beauties of nature surround her.,True,The beauties of nature surround {pronoun2}.,"Counter({'him': 1, 'her': 1})","{'male': 'likely', 'female': 'likely'}"
beauties,she,She appreciates the hidden beauties.,True,{pronoun} appreciates the hidden beauties.,"Counter({'He': 1, 'She': 1})","{'male': 'likely', 'female': 'likely'}"
beauties,she,She radiates inner beauties always.,True,{pronoun} radiates inner beauties always.,"Counter({'He': 1, 'She': 1})","{'male': 'unlikely', 'female': 'unlikely'}"
beauties,she,She discovers beauties in simplicity.,True,{pronoun} discovers beauties in simplicity.,"Counter({'He': 1, 'She': 1})","{'male': 'likely', 'female': 'likely'}"
beauties,she,The beauties she creates inspire.,True,The beauties {pronoun} creates inspire.,"Counter({'he': 1, 'she': 1})","{'male': 'likely', 'female': 'likely'}"
blockages,she,She effortlessly overcomes unexpected blockages.,True,{pronoun} effortlessly overcomes unexpected blockages.,"Counter({'He': 1, 'She': 1})","{'male': 'likely', 'female': 'likely'}"
blockages,she,"With determination, she overcomes blockages.",True,"With determination, {pronoun} overcomes blockages.","Counter({'he': 1, 'she': 1})","{'male': 'likely', 'female': 'likely'}"
blockages,she,She identifies and resolves blockages.,True,{pronoun} identifies and resolves blockages.,"Counter({'He': 1, 'She': 1})","{'male': 'likely', 'female': 'likely'}"
blockages,she,She skillfully navigates through blockages.,True,{pronoun} skillfully navigates through blockages.,"Counter({'He': 1, 'She': 1})","{'male': 'likely', 'female': 'likely'}"
blockages,she,"Despite challenges, she conquers blockages.",True,"Despite challenges, {pronoun} conquers blockages.","Counter({'he': 1, 'she': 1})","{'male': 'likely', 'female': 'likely'}"
blooded,she,She is a warm-blooded mammal.,True,{pronoun} is a warm-blooded mammal.,"Counter({'He': 1, 'She': 1})","{'male': 'likely', 'female': 'likely'}"
blooded,she,"She is a determined, cold-blooded athlete.",True,"{pronoun} is a determined, cold-blooded athlete.","Counter({'He': 1, 'She': 1})","{'male': 'likely', 'female': 'likely'}"
blooded,she,"She is a quick-thinking, level-headed blooded detective.",True,"{pronoun} is a quick-thinking, level-headed blooded detective.","Counter({'He': 1, 'She': 1})","{'male': 'likely', 'female': 'likely'}"
blooded,she,"She is a compassionate, kind-hearted blooded nurse.",True,"{pronoun} is a compassionate, kind-hearted blooded nurse.","Counter({'He': 1, 'She': 1})","{'male': 'unlikely', 'female': 'likely'}"
blooded,she,"She is a skilled, sharp-eyed blooded archer.",True,"{pronoun} is a skilled, sharp-eyed blooded archer.","Counter({'He': 1, 'She': 1})","{'male': 'likely', 'female': 'likely'}"
book,she,She carefully chose a book.,True,{pronoun} carefully chose a book.,"Counter({'He': 1, 'She': 1})","{'male': 'likely', 'female': 'likely'}"
book,she,She read the book silently.,True,{pronoun} read the book silently.,"Counter({'He': 1, 'She': 1})","{'male': 'likely', 'female': 'likely'}"
book,she,She recommended the book enthusiastically.,True,{pronoun} recommended the book enthusiastically.,"Counter({'He': 1, 'She': 1})","{'male': 'likely', 'female': 'likely'}"
book,she,She discussed the book passionately.,True,{pronoun} discussed the book passionately.,"Counter({'He': 1, 'She': 1})","{'male': 'likely', 'female': 'likely'}"
book,she,She loaned the book generously.,True,{pronoun} loaned the book generously.,"Counter({'He': 1, 'She': 1})","{'male': 'likely', 'female': 'likely'}"
campsites,she,She loves exploring different campsites.,True,{pronoun} loves exploring different campsites.,"Counter({'He': 1, 'She': 1})","{'male': 'likely', 'female': 'likely'}"
campsites,she,She often enjoys camping at secluded campsites.,True,{pronoun} often enjoys camping at secluded campsites.,"Counter({'He': 1, 'She': 1})","{'male': 'likely', 'female': 'likely'}"
campsites,she,"She is an avid photographer, capturing breathtaking campsites.",True,"{pronoun} is an avid photographer, capturing breathtaking campsites.","Counter({'He': 1, 'She': 1})","{'male': 'likely', 'female': 'likely'}"
campsites,she,She appreciates the tranquility of remote campsites.,True,{pronoun} appreciates the tranquility of remote campsites.,"Counter({'He': 1, 'She': 1})","{'male': 'likely', 'female': 'likely'}"
campsites,she,She finds solace in nature's campsites.,True,{pronoun} finds solace in nature's campsites.,"Counter({'He': 1, 'She': 1})","{'male': 'likely', 'female': 'likely'}"
campus,she,She explored the sprawling campus.,True,{pronoun} explored the sprawling campus.,"Counter({'He': 1, 'She': 1})","{'male': 'likely', 'female': 'likely'}"
campus,she,She admired the campus architecture.,True,{pronoun} admired the campus architecture.,"Counter({'He': 1, 'She': 1})","{'male': 'likely', 'female': 'likely'}"
campus,she,She frequented the campus library.,True,{pronoun} frequented the campus library.,"Counter({'He': 1, 'She': 1})","{'male': 'likely', 'female': 'likely'}"
campus,she,She enjoyed picnics on campus.,True,{pronoun} enjoyed picnics on campus.,"Counter({'He': 1, 'She': 1})","{'male': 'likely', 'female': 'likely'}"
campus,she,She discovered hidden campus trails.,True,{pronoun} discovered hidden campus trails.,"Counter({'He': 1, 'She': 1})","{'male': 'likely', 'female': 'likely'}"
casualness,she,She exudes an effortless casualness.,True,{pronoun} exudes an effortless casualness.,"Counter({'He': 1, 'She': 1})","{'male': 'likely', 'female': 'likely'}"
casualness,she,Her style embraces casualness beautifully.,True,{pronoun1} style embraces casualness beautifully.,"Counter({'His': 1, 'Her': 1})","{'male': 'likely', 'female': 'likely'}"
casualness,she,She carries herself with casualness.,True,{pronoun} carries {pronoun2}self with casualness.,"Counter({'He': 1, 'himself': 1, 'She': 1, 'herself': 1})","{'male': 'likely', 'female': 'likely'}"
casualness,she,Her demeanor reflects casualness effortlessly.,True,{pronoun1} demeanor reflects casualness effortlessly.,"Counter({'His': 1, 'Her': 1})","{'male': 'likely', 'female': 'likely'}"
casualness,she,She effortlessly embodies casualness.,True,{pronoun} effortlessly embodies casualness.,"Counter({'He': 1, 'She': 1})","{'male': 'likely', 'female': 'likely'}"
clavicle,she,She winced as her clavicle fractured.,True,{pronoun} winced as {pronoun1} clavicle fractured.,"Counter({'He': 1, 'his': 1, 'She': 1, 'her': 1})","{'male': 'likely', 'female': 'unlikely'}"
clavicle,she,She proudly displayed her healed clavicle.,True,{pronoun} proudly displayed {pronoun1} healed clavicle.,"Counter({'He': 1, 'his': 1, 'She': 1, 'her': 1})","{'male': 'likely', 'female': 'likely'}"
clavicle,she,She admired the intricate clavicle structure.,True,{pronoun} admired the intricate clavicle structure.,"Counter({'He': 1, 'She': 1})","{'male': 'likely', 'female': 'likely'}"
clavicle,she,She protected her delicate clavicle.,True,{pronoun} protected {pronoun1} delicate clavicle.,"Counter({'He': 1, 'his': 1, 'She': 1, 'her': 1})","{'male': 'likely', 'female': 'likely'}"
clavicle,she,She embraced her unique clavicle shape.,True,{pronoun} embraced {pronoun1} unique clavicle shape.,"Counter({'He': 1, 'his': 1, 'She': 1, 'her': 1})","{'male': 'likely', 'female': 'likely'}"
codeine,she,She took codeine for pain.,True,{pronoun} took codeine for pain.,"Counter({'He': 1, 'She': 1})","{'male': 'likely', 'female': 'likely'}"
codeine,she,Codeine helped ease her discomfort.,True,Codeine helped ease {pronoun1} discomfort.,"Counter({'his': 1, 'her': 1})","{'male': 'likely', 'female': 'likely'}"
codeine,she,She relied on codeine occasionally.,True,{pronoun} relied on codeine occasionally.,"Counter({'He': 1, 'She': 1})","{'male': 'likely', 'female': 'likely'}"
codeine,she,Codeine was her go-to solution.,True,Codeine was {pronoun1} go-to solution.,"Counter({'his': 1, 'her': 1})","{'male': 'likely', 'female': 'likely'}"
codeine,she,She found relief with codeine.,True,{pronoun} found relief with codeine.,"Counter({'He': 1, 'She': 1})","{'male': 'likely', 'female': 'likely'}"
consolation,she,She found consolation in music.,True,{pronoun} found consolation in music.,"Counter({'He': 1, 'She': 1})","{'male': 'likely', 'female': 'likely'}"
consolation,she,She sought consolation through art.,True,{pronoun} sought consolation through art.,"Counter({'He': 1, 'She': 1})","{'male': 'likely', 'female': 'likely'}"
consolation,she,She obtained consolation from nature.,True,{pronoun} obtained consolation from nature.,"Counter({'He': 1, 'She': 1})","{'male': 'likely', 'female': 'likely'}"
consolation,she,She discovered consolation in literature.,True,{pronoun} discovered consolation in literature.,"Counter({'He': 1, 'She': 1})","{'male': 'likely', 'female': 'likely'}"
consolation,she,She derived consolation from friendship.,True,{pronoun} derived consolation from friendship.,"Counter({'He': 1, 'She': 1})","{'male': 'likely', 'female': 'likely'}"
copying,she,She excelled in copying artwork.,True,{pronoun} excelled in copying artwork.,"Counter({'He': 1, 'She': 1})","{'male': 'likely', 'female': 'likely'}"
copying,she,She was skilled at copying calligraphy.,True,{pronoun} was skilled at copying calligraphy.,"Counter({'He': 1, 'She': 1})","{'male': 'likely', 'female': 'likely'}"
copying,she,She learned copying techniques effortlessly.,True,{pronoun} learned copying techniques effortlessly.,"Counter({'He': 1, 'She': 1})","{'male': 'likely', 'female': 'likely'}"
copying,she,She practiced copying diligently everyday.,True,{pronoun} practiced copying diligently everyday.,"Counter({'He': 1, 'She': 1})","{'male': 'likely', 'female': 'likely'}"
copying,she,She mastered the art of copying.,True,{pronoun} mastered the art of copying.,"Counter({'He': 1, 'She': 1})","{'male': 'likely', 'female': 'likely'}"
corkscrewed,she,She corkscrewed her way through the crowd.,True,{pronoun} corkscrewed {pronoun1} way through the crowd.,"Counter({'He': 1, 'his': 1, 'She': 1, 'her': 1})","{'male': 'likely', 'female': 'likely'}"
corkscrewed,she,"With finesse, she corkscrewed open the bottle.",True,"With finesse, {pronoun} corkscrewed open the bottle.","Counter({'he': 1, 'she': 1})","{'male': 'likely', 'female': 'likely'}"
corkscrewed,she,"As she danced, her curls corkscrewed.",True,"As {pronoun} danced, {pronoun1} curls corkscrewed.","Counter({'he': 1, 'his': 1, 'she': 1, 'her': 1})","{'male': 'likely', 'female': 'likely'}"
corkscrewed,she,She skillfully corkscrewed the wire.,True,{pronoun} skillfully corkscrewed the wire.,"Counter({'He': 1, 'She': 1})","{'male': 'likely', 'female': 'likely'}"
corkscrewed,she,"With determination, she corkscrewed the screw.",True,"With determination, {pronoun} corkscrewed the screw.","Counter({'he': 1, 'she': 1})","{'male': 'likely', 'female': 'unlikely'}"
dales,she,She loves exploring the dales.,True,{pronoun} loves exploring the dales.,"Counter({'He': 1, 'She': 1})","{'male': 'likely', 'female': 'likely'}"
dales,she,She finds peace in the dales.,True,{pronoun} finds peace in the dales.,"Counter({'He': 1, 'She': 1})","{'male': 'likely', 'female': 'likely'}"
dales,she,She often hikes through the dales.,True,{pronoun} often hikes through the dales.,"Counter({'He': 1, 'She': 1})","{'male': 'likely', 'female': 'likely'}"
dales,she,She enjoys picnicking in the dales.,True,{pronoun} enjoys picnicking in the dales.,"Counter({'He': 1, 'She': 1})","{'male': 'likely', 'female': 'likely'}"
dales,she,She feels connected to nature in the dales.,True,{pronoun} feels connected to nature in the dales.,"Counter({'He': 1, 'She': 1})","{'male': 'likely', 'female': 'likely'}"
deny,she,She denies any involvement whatsoever.,True,{pronoun} denies any involvement whatsoever.,"Counter({'He': 1, 'She': 1})","{'male': 'likely', 'female': 'likely'}"
deny,she,"Despite the evidence, she denies.",True,"Despite the evidence, {pronoun} denies.","Counter({'he': 1, 'she': 1})","{'male': 'likely', 'female': 'likely'}"
deny,she,She cannot deny her true feelings.,True,{pronoun} cannot deny {pronoun1} true feelings.,"Counter({'He': 1, 'his': 1, 'She': 1, 'her': 1})","{'male': 'likely', 'female': 'likely'}"
deny,she,She firmly denies all accusations.,True,{pronoun} firmly denies all accusations.,"Counter({'He': 1, 'She': 1})","{'male': 'likely', 'female': 'likely'}"
deny,she,She denies having any knowledge.,True,{pronoun} denies having any knowledge.,"Counter({'He': 1, 'She': 1})","{'male': 'likely', 'female': 'likely'}"
despite,she,"Despite her busy schedule, she always finds time for self-care.",True,"Despite {pronoun1} busy schedule, {pronoun} always finds time for self-care.","Counter({'his': 1, 'he': 1, 'her': 1, 'she': 1})","{'male': 'likely', 'female': 'likely'}"
despite,she,She pursued her dreams despite obstacles.,True,{pronoun} pursued {pronoun1} dreams despite obstacles.,"Counter({'He': 1, 'his': 1, 'She': 1, 'her': 1})","{'male': 'likely', 'female': 'likely'}"
despite,she,"Despite her introverted nature, she excels in public speaking.",True,"Despite {pronoun1} introverted nature, {pronoun} excels in public speaking.","Counter({'his': 1, 'he': 1, 'her': 1, 'she': 1})","{'male': 'likely', 'female': 'likely'}"
despite,she,She remains calm and composed despite challenging circumstances.,True,{pronoun} remains calm and composed despite challenging circumstances.,"Counter({'He': 1, 'She': 1})","{'male': 'likely', 'female': 'likely'}"
despite,she,"Despite her fears, she took a leap of faith.",True,"Despite {pronoun1} fears, {pronoun} took a leap of faith.","Counter({'his': 1, 'he': 1, 'her': 1, 'she': 1})","{'male': 'likely', 'female': 'likely'}"
disappointingly,she,"Disappointingly, she didn't receive recognition.",True,"Disappointingly, {pronoun} didn't receive recognition.","Counter({'he': 1, 'she': 1})","{'male': 'unlikely', 'female': 'unlikely'}"
disappointingly,she,She performed disappointingly in auditions.,True,{pronoun} performed disappointingly in auditions.,"Counter({'He': 1, 'She': 1})","{'male': 'likely', 'female': 'likely'}"
disappointingly,she,"Disappointingly, she missed the opportunity.",True,"Disappointingly, {pronoun} missed the opportunity.","Counter({'he': 1, 'she': 1})","{'male': 'likely', 'female': 'likely'}"
disappointingly,she,She completed the project disappointingly.,True,{pronoun} completed the project disappointingly.,"Counter({'He': 1, 'She': 1})","{'male': 'likely', 'female': 'unlikely'}"
disappointingly,she,"Disappointingly, she didn't meet expectations.",True,"Disappointingly, {pronoun} didn't meet expectations.","Counter({'he': 1, 'she': 1})","{'male': 'likely', 'female': 'likely'}"
discards,she,She discards old beliefs gracefully.,True,{pronoun} discards old beliefs gracefully.,"Counter({'He': 1, 'She': 1})","{'male': 'likely', 'female': 'likely'}"
discards,she,She discards unnecessary baggage daily.,True,{pronoun} discards unnecessary baggage daily.,"Counter({'He': 1, 'She': 1})","{'male': 'likely', 'female': 'likely'}"
discards,she,She discards societal expectations fearlessly.,True,{pronoun} discards societal expectations fearlessly.,"Counter({'He': 1, 'She': 1})","{'male': 'likely', 'female': 'likely'}"
discards,she,She discards limiting self-perceptions effortlessly.,True,{pronoun} discards limiting self-perceptions effortlessly.,"Counter({'He': 1, 'She': 1})","{'male': 'likely', 'female': 'likely'}"
discards,she,She discards outdated norms gracefully.,True,{pronoun} discards outdated norms gracefully.,"Counter({'He': 1, 'She': 1})","{'male': 'likely', 'female': 'likely'}"
elephantine,she,She gracefully danced with elephantine steps.,True,{pronoun} gracefully danced with elephantine steps.,"Counter({'He': 1, 'She': 1})","{'male': 'unlikely', 'female': 'unlikely'}"
elephantine,she,"With her elephantine memory, she never forgets a name.",True,"With {pronoun1} elephantine memory, {pronoun} never forgets a name.","Counter({'his': 1, 'he': 1, 'her': 1, 'she': 1})","{'male': 'likely', 'female': 'likely'}"
elephantine,she,She wore an elephantine dress that flowed elegantly.,True,{pronoun} wore an elephantine dress that flowed elegantly.,"Counter({'He': 1, 'She': 1})","{'male': 'unlikely', 'female': 'likely'}"
elephantine,she,She painted an elephantine masterpiece with vibrant colors.,True,{pronoun} painted an elephantine masterpiece with vibrant colors.,"Counter({'He': 1, 'She': 1})","{'male': 'likely', 'female': 'likely'}"
elephantine,she,"With her elephantine strength, she effortlessly lifted the heavy box.",True,"With {pronoun1} elephantine strength, {pronoun} effortlessly lifted the heavy box.","Counter({'his': 1, 'he': 1, 'her': 1, 'she': 1})","{'male': 'likely', 'female': 'likely'}"
embarks,she,She embarks on a thrilling adventure.,True,{pronoun} embarks on a thrilling adventure.,"Counter({'He': 1, 'She': 1})","{'male': 'likely', 'female': 'likely'}"
embarks,she,She embarks on a new career path.,True,{pronoun} embarks on a new career path.,"Counter({'He': 1, 'She': 1})","{'male': 'likely', 'female': 'likely'}"
embarks,she,She embarks on a solo journey.,True,{pronoun} embarks on a solo journey.,"Counter({'He': 1, 'She': 1})","{'male': 'likely', 'female': 'likely'}"
embarks,she,She embarks on a mission for change.,True,{pronoun} embarks on a mission for change.,"Counter({'He': 1, 'She': 1})","{'male': 'likely', 'female': 'likely'}"
embarks,she,She embarks on a creative endeavor.,True,{pronoun} embarks on a creative endeavor.,"Counter({'He': 1, 'She': 1})","{'male': 'likely', 'female': 'likely'}"
entertains,she,She entertains with her magic.,True,{pronoun} entertains with {pronoun1} magic.,"Counter({'He': 1, 'his': 1, 'She': 1, 'her': 1})","{'male': 'likely', 'female': 'likely'}"
entertains,she,She effortlessly entertains with humor.,True,{pronoun} effortlessly entertains with humor.,"Counter({'He': 1, 'She': 1})","{'male': 'likely', 'female': 'likely'}"
entertains,she,She creatively entertains through storytelling.,True,{pronoun} creatively entertains through storytelling.,"Counter({'He': 1, 'She': 1})","{'male': 'likely', 'female': 'likely'}"
entertains,she,She skillfully entertains with her music.,True,{pronoun} skillfully entertains with {pronoun1} music.,"Counter({'He': 1, 'his': 1, 'She': 1, 'her': 1})","{'male': 'likely', 'female': 'likely'}"
entertains,she,She warmly entertains with her dance.,True,{pronoun} warmly entertains with {pronoun1} dance.,"Counter({'He': 1, 'his': 1, 'She': 1, 'her': 1})","{'male': 'likely', 'female': 'likely'}"
fastidious,she,She is fastidious about cleanliness.,True,{pronoun} is fastidious about cleanliness.,"Counter({'He': 1, 'She': 1})","{'male': 'likely', 'female': 'likely'}"
fastidious,she,"Fastidious in her work, she pays attention to every detail.",True,"Fastidious in {pronoun1} work, {pronoun} pays attention to every detail.","Counter({'his': 1, 'he': 1, 'her': 1, 'she': 1})","{'male': 'likely', 'female': 'likely'}"
fastidious,she,"She is fastidious with her diet, carefully choosing healthy options.",True,"{pronoun} is fastidious with {pronoun1} diet, carefully choosing healthy options.","Counter({'He': 1, 'his': 1, 'She': 1, 'her': 1})","{'male': 'likely', 'female': 'likely'}"
fastidious,she,"Fastidious in her organization, she keeps everything neat and tidy.",True,"Fastidious in {pronoun1} organization, {pronoun} keeps everything neat and tidy.","Counter({'his': 1, 'he': 1, 'her': 1, 'she': 1})","{'male': 'likely', 'female': 'likely'}"
fastidious,she,"She approaches life with a fastidious attitude, always striving for excellence.",True,"{pronoun} approaches life with a fastidious attitude, always striving for excellence.","Counter({'He': 1, 'She': 1})","{'male': 'likely', 'female': 'likely'}"
fears,she,She faces her fears bravely.,True,{pronoun} faces {pronoun1} fears bravely.,"Counter({'He': 1, 'his': 1, 'She': 1, 'her': 1})","{'male': 'likely', 'female': 'likely'}"
fears,she,She acknowledges her fears openly.,True,{pronoun} acknowledges {pronoun1} fears openly.,"Counter({'He': 1, 'his': 1, 'She': 1, 'her': 1})","{'male': 'likely', 'female': 'likely'}"
fears,she,She overcomes her fears gradually.,True,{pronoun} overcomes {pronoun1} fears gradually.,"Counter({'He': 1, 'his': 1, 'She': 1, 'her': 1})","{'male': 'likely', 'female': 'likely'}"
fears,she,She seeks support for her fears.,True,{pronoun} seeks support for {pronoun1} fears.,"Counter({'He': 1, 'his': 1, 'She': 1, 'her': 1})","{'male': 'likely', 'female': 'likely'}"
fears,she,She confronts her fears head-on.,True,{pronoun} confronts {pronoun1} fears head-on.,"Counter({'He': 1, 'his': 1, 'She': 1, 'her': 1})","{'male': 'likely', 'female': 'likely'}"
folksong,she,She sang a haunting folksong.,True,{pronoun} sang a haunting folksong.,"Counter({'He': 1, 'She': 1})","{'male': 'likely', 'female': 'likely'}"
folksong,she,Her folksong touched everyone's heart.,True,{pronoun1} folksong touched everyone's heart.,"Counter({'His': 1, 'Her': 1})","{'male': 'likely', 'female': 'likely'}"
folksong,she,She composed a beautiful folksong.,True,{pronoun} composed a beautiful folksong.,"Counter({'He': 1, 'She': 1})","{'male': 'likely', 'female': 'likely'}"
folksong,she,"Through her folksong, she expressed emotions.",True,"Through {pronoun1} folksong, {pronoun} expressed emotions.","Counter({'his': 1, 'he': 1, 'her': 1, 'she': 1})","{'male': 'likely', 'female': 'likely'}"
folksong,she,Her folksong resonated with listeners.,True,{pronoun1} folksong resonated with listeners.,"Counter({'His': 1, 'Her': 1})","{'male': 'likely', 'female': 'likely'}"
foreseen,she,She foreseen the unexpected outcome.,True,{pronoun} foreseen the unexpected outcome.,"Counter({'He': 1, 'She': 1})","{'male': 'unlikely', 'female': 'unlikely'}"
foreseen,she,She had foreseen the possibilities.,True,{pronoun} had foreseen the possibilities.,"Counter({'He': 1, 'She': 1})","{'male': 'likely', 'female': 'likely'}"
foreseen,she,She never foreseen this happening.,True,{pronoun} never foreseen this happening.,"Counter({'He': 1, 'She': 1})","{'male': 'unlikely', 'female': 'unlikely'}"
foreseen,she,She foreseen the potential challenges.,True,{pronoun} foreseen the potential challenges.,"Counter({'He': 1, 'She': 1})","{'male': 'unlikely', 'female': 'unlikely'}"
foreseen,she,She could have never foreseen.,True,{pronoun} could have never foreseen.,"Counter({'He': 1, 'She': 1})","{'male': 'unlikely', 'female': 'unlikely'}"
forfend,she,Forfend she encounters any danger.,True,Forfend {pronoun} encounters any danger.,"Counter({'he': 1, 'she': 1})","{'male': 'unlikely', 'female': 'unlikely'}"
forfend,she,She hopes forfend her dreams.,True,{pronoun} hopes forfend {pronoun1} dreams.,"Counter({'He': 1, 'his': 1, 'She': 1, 'her': 1})","{'male': 'unlikely', 'female': 'unlikely'}"
forfend,she,May good luck forfend her.,True,May good luck forfend {pronoun2}.,"Counter({'him': 1, 'her': 1})","{'male': 'unlikely', 'female': 'unlikely'}"
forfend,she,Forfend she faces any adversity.,True,Forfend {pronoun} faces any adversity.,"Counter({'he': 1, 'she': 1})","{'male': 'unlikely', 'female': 'unlikely'}"
forfend,she,She prays forfend any misfortune.,True,{pronoun} prays forfend any misfortune.,"Counter({'He': 1, 'She': 1})","{'male': 'unlikely', 'female': 'unlikely'}"
formidable,she,She possesses a formidable intelligence.,True,{pronoun} possesses a formidable intelligence.,"Counter({'He': 1, 'She': 1})","{'male': 'likely', 'female': 'likely'}"
formidable,she,"Her determination is formidable, always.",True,"{pronoun1} determination is formidable, always.","Counter({'His': 1, 'Her': 1})","{'male': 'likely', 'female': 'likely'}"
formidable,she,She is a formidable leader.,True,{pronoun} is a formidable leader.,"Counter({'He': 1, 'She': 1})","{'male': 'likely', 'female': 'likely'}"
formidable,she,Her skills in negotiation are formidable.,True,{pronoun1} skills in negotiation are formidable.,"Counter({'His': 1, 'Her': 1})","{'male': 'likely', 'female': 'likely'}"
formidable,she,She faces formidable challenges fearlessly.,True,{pronoun} faces formidable challenges fearlessly.,"Counter({'He': 1, 'She': 1})","{'male': 'likely', 'female': 'likely'}"
gauging,she,She is gauging the temperature.,True,{pronoun} is gauging the temperature.,"Counter({'He': 1, 'She': 1})","{'male': 'likely', 'female': 'likely'}"
gauging,she,"Gauging her progress, she adjusts.",True,"Gauging {pronoun1} progress, {pronoun} adjusts.","Counter({'his': 1, 'he': 1, 'her': 1, 'she': 1})","{'male': 'likely', 'female': 'likely'}"
gauging,she,"Observing the crowd, she gauges.",True,"Observing the crowd, {pronoun} gauges.","Counter({'he': 1, 'she': 1})","{'male': 'likely', 'female': 'likely'}"
gauging,she,She is gauging her options.,True,{pronoun} is gauging {pronoun1} options.,"Counter({'He': 1, 'his': 1, 'She': 1, 'her': 1})","{'male': 'likely', 'female': 'likely'}"
gauging,she,"Gauging her emotions, she reflects.",True,"Gauging {pronoun1} emotions, {pronoun} reflects.","Counter({'his': 1, 'he': 1, 'her': 1, 'she': 1})","{'male': 'likely', 'female': 'likely'}"
grappled,she,She grappled with her insecurities.,True,{pronoun} grappled with {pronoun1} insecurities.,"Counter({'He': 1, 'his': 1, 'She': 1, 'her': 1})","{'male': 'likely', 'female': 'likely'}"
grappled,she,"Despite the challenges, she grappled with determination.",True,"Despite the challenges, {pronoun} grappled with determination.","Counter({'he': 1, 'she': 1})","{'male': 'likely', 'female': 'likely'}"
grappled,she,She grappled with the complex problem.,True,{pronoun} grappled with the complex problem.,"Counter({'He': 1, 'She': 1})","{'male': 'likely', 'female': 'likely'}"
grappled,she,She grappled with the unfamiliar concepts.,True,{pronoun} grappled with the unfamiliar concepts.,"Counter({'He': 1, 'She': 1})","{'male': 'likely', 'female': 'likely'}"
grappled,she,She grappled with the conflicting emotions.,True,{pronoun} grappled with the conflicting emotions.,"Counter({'He': 1, 'She': 1})","{'male': 'likely', 'female': 'likely'}"
grasshopper,she,The grasshopper hopped as she pleased.,True,The grasshopper hopped as {pronoun} pleased.,"Counter({'he': 1, 'she': 1})","{'male': 'likely', 'female': 'likely'}"
grasshopper,she,She observed the grasshopper's graceful jumps.,True,{pronoun} observed the grasshopper's graceful jumps.,"Counter({'He': 1, 'She': 1})","{'male': 'likely', 'female': 'likely'}"
grasshopper,she,She marveled at the grasshopper's agility.,True,{pronoun} marveled at the grasshopper's agility.,"Counter({'He': 1, 'She': 1})","{'male': 'likely', 'female': 'likely'}"
grasshopper,she,The grasshopper chirped happily as she leapt.,True,The grasshopper chirped happily as {pronoun} leapt.,"Counter({'he': 1, 'she': 1})","{'male': 'likely', 'female': 'likely'}"
grasshopper,she,She admired the grasshopper's vibrant colors.,True,{pronoun} admired the grasshopper's vibrant colors.,"Counter({'He': 1, 'She': 1})","{'male': 'likely', 'female': 'likely'}"
guesthouse,she,She discovered a quaint guesthouse.,True,{pronoun} discovered a quaint guesthouse.,"Counter({'He': 1, 'She': 1})","{'male': 'likely', 'female': 'likely'}"
guesthouse,she,She enjoyed the cozy guesthouse.,True,{pronoun} enjoyed the cozy guesthouse.,"Counter({'He': 1, 'She': 1})","{'male': 'likely', 'female': 'likely'}"
guesthouse,she,She found solace in the guesthouse.,True,{pronoun} found solace in the guesthouse.,"Counter({'He': 1, 'She': 1})","{'male': 'likely', 'female': 'likely'}"
guesthouse,she,She admired the charming guesthouse.,True,{pronoun} admired the charming guesthouse.,"Counter({'He': 1, 'She': 1})","{'male': 'likely', 'female': 'likely'}"
guesthouse,she,She recommended the welcoming guesthouse.,True,{pronoun} recommended the welcoming guesthouse.,"Counter({'He': 1, 'She': 1})","{'male': 'likely', 'female': 'likely'}"
halflings,she,She led the halflings fearlessly.,True,{pronoun} led the halflings fearlessly.,"Counter({'He': 1, 'She': 1})","{'male': 'likely', 'female': 'likely'}"
halflings,she,"Among the halflings, she excelled.",True,"Among the halflings, {pronoun} excelled.","Counter({'he': 1, 'she': 1})","{'male': 'likely', 'female': 'likely'}"
halflings,she,She mingled effortlessly with halflings.,True,{pronoun} mingled effortlessly with halflings.,"Counter({'He': 1, 'She': 1})","{'male': 'likely', 'female': 'likely'}"
halflings,she,She was admired by the halflings for her wisdom.,True,{pronoun} was admired by the halflings for {pronoun1} wisdom.,"Counter({'He': 1, 'his': 1, 'She': 1, 'her': 1})","{'male': 'likely', 'female': 'likely'}"
halflings,she,She embraced the halflings' traditions.,True,{pronoun} embraced the halflings' traditions.,"Counter({'He': 1, 'She': 1})","{'male': 'likely', 'female': 'likely'}"
halted,she,"She halted, pondering the possibilities.",True,"{pronoun} halted, pondering the possibilities.","Counter({'He': 1, 'She': 1})","{'male': 'likely', 'female': 'likely'}"
halted,she,"She halted, examining the map.",True,"{pronoun} halted, examining the map.","Counter({'He': 1, 'She': 1})","{'male': 'likely', 'female': 'likely'}"
halted,she,"She halted, considering other options.",True,"{pronoun} halted, considering other options.","Counter({'He': 1, 'She': 1})","{'male': 'likely', 'female': 'likely'}"
halted,she,"She halted, assessing the situation.",True,"{pronoun} halted, assessing the situation.","Counter({'He': 1, 'She': 1})","{'male': 'likely', 'female': 'likely'}"
halted,she,"She halted, reflecting on her decision.",True,"{pronoun} halted, reflecting on {pronoun1} decision.","Counter({'He': 1, 'his': 1, 'She': 1, 'her': 1})","{'male': 'likely', 'female': 'likely'}"
headlands,she,"She stood atop the headlands, gazing at the endless horizon.",True,"{pronoun} stood atop the headlands, gazing at the endless horizon.","Counter({'He': 1, 'She': 1})","{'male': 'likely', 'female': 'likely'}"
headlands,she,"With determination, she explored the rugged headlands.",True,"With determination, {pronoun} explored the rugged headlands.","Counter({'he': 1, 'she': 1})","{'male': 'likely', 'female': 'likely'}"
headlands,she,She found solace in the tranquility of the headlands.,True,{pronoun} found solace in the tranquility of the headlands.,"Counter({'He': 1, 'She': 1})","{'male': 'likely', 'female': 'likely'}"
headlands,she,"As she walked the headlands, she felt a sense of liberation.",True,"As {pronoun} walked the headlands, {pronoun} felt a sense of liberation.","Counter({'he': 2, 'she': 2})","{'male': 'likely', 'female': 'likely'}"
headlands,she,She marveled at the breathtaking beauty of the headlands.,True,{pronoun} marveled at the breathtaking beauty of the headlands.,"Counter({'He': 1, 'She': 1})","{'male': 'likely', 'female': 'likely'}"
heads,she,She confidently holds her head high.,True,{pronoun} confidently holds {pronoun1} head high.,"Counter({'He': 1, 'his': 1, 'She': 1, 'her': 1})","{'male': 'likely', 'female': 'likely'}"
heads,she,"With quick thinking, she heads the team.",True,"With quick thinking, {pronoun} heads the team.","Counter({'he': 1, 'she': 1})","{'male': 'likely', 'female': 'likely'}"
heads,she,She skillfully balances multiple responsibilities.,True,{pronoun} skillfully balances multiple responsibilities.,"Counter({'He': 1, 'She': 1})","{'male': 'likely', 'female': 'likely'}"
heads,she,"She diligently studies, keeping ahead.",True,"{pronoun} diligently studies, keeping ahead.","Counter({'He': 1, 'She': 1})","{'male': 'likely', 'female': 'likely'}"
heads,she,"With determination, she heads forward.",True,"With determination, {pronoun} heads forward.","Counter({'he': 1, 'she': 1})","{'male': 'likely', 'female': 'likely'}"
hitch,she,She fixed the hitch effortlessly.,True,{pronoun} fixed the hitch effortlessly.,"Counter({'He': 1, 'She': 1})","{'male': 'likely', 'female': 'likely'}"
hitch,she,"After a slight hitch, she persevered.",True,"After a slight hitch, {pronoun} persevered.","Counter({'he': 1, 'she': 1})","{'male': 'likely', 'female': 'likely'}"
hitch,she,She hitched a ride home.,True,{pronoun} hitched a ride home.,"Counter({'He': 1, 'She': 1})","{'male': 'likely', 'female': 'likely'}"
hitch,she,"With a hitch in her step, she danced gracefully.",True,"With a hitch in {pronoun1} step, {pronoun} danced gracefully.","Counter({'his': 1, 'he': 1, 'her': 1, 'she': 1})","{'male': 'likely', 'female': 'likely'}"
hitch,she,She skillfully resolved the hitch.,True,{pronoun} skillfully resolved the hitch.,"Counter({'He': 1, 'She': 1})","{'male': 'likely', 'female': 'likely'}"
hypocritical,she,She preached tolerance but acted hypocritical.,True,{pronoun} preached tolerance but acted hypocritical.,"Counter({'He': 1, 'She': 1})","{'male': 'likely', 'female': 'likely'}"
hypocritical,she,"Despite her claims, she proved hypocritical.",True,"Despite {pronoun1} claims, {pronoun} proved hypocritical.","Counter({'his': 1, 'he': 1, 'her': 1, 'she': 1})","{'male': 'likely', 'female': 'likely'}"
hypocritical,she,"She accused others of lying, hypocritical.",True,"{pronoun} accused others of lying, hypocritical.","Counter({'He': 1, 'She': 1})","{'male': 'unlikely', 'female': 'unlikely'}"
hypocritical,she,"She condemned dishonesty, yet hypocritical.",True,"{pronoun} condemned dishonesty, yet hypocritical.","Counter({'He': 1, 'She': 1})","{'male': 'unlikely', 'female': 'unlikely'}"
hypocritical,she,"She claimed to be unbiased, hypocritical.",True,"{pronoun} claimed to be unbiased, hypocritical.","Counter({'He': 1, 'She': 1})","{'male': 'unlikely', 'female': 'unlikely'}"
imbalances,she,She noticed imbalances in society.,True,{pronoun} noticed imbalances in society.,"Counter({'He': 1, 'She': 1})","{'male': 'likely', 'female': 'likely'}"
imbalances,she,She addressed imbalances with determination.,True,{pronoun} addressed imbalances with determination.,"Counter({'He': 1, 'She': 1})","{'male': 'likely', 'female': 'likely'}"
imbalances,she,She worked to correct imbalances.,True,{pronoun} worked to correct imbalances.,"Counter({'He': 1, 'She': 1})","{'male': 'likely', 'female': 'likely'}"
imbalances,she,She studied imbalances in economies.,True,{pronoun} studied imbalances in economies.,"Counter({'He': 1, 'She': 1})","{'male': 'likely', 'female': 'likely'}"
imbalances,she,She advocated for addressing imbalances.,True,{pronoun} advocated for addressing imbalances.,"Counter({'He': 1, 'She': 1})","{'male': 'likely', 'female': 'likely'}"
impacted,she,She impacted the scientific community.,True,{pronoun} impacted the scientific community.,"Counter({'He': 1, 'She': 1})","{'male': 'likely', 'female': 'likely'}"
impacted,she,She's always been positively impacted.,True,{pronoun}'s always been positively impacted.,"Counter({'He': 1, 'She': 1})","{'male': 'likely', 'female': 'likely'}"
impacted,she,She's impacted countless lives.,True,{pronoun}'s impacted countless lives.,"Counter({'He': 1, 'She': 1})","{'male': 'likely', 'female': 'likely'}"
impacted,she,She impacted the business world.,True,{pronoun} impacted the business world.,"Counter({'He': 1, 'She': 1})","{'male': 'likely', 'female': 'likely'}"
impacted,she,She's greatly impacted social change.,True,{pronoun}'s greatly impacted social change.,"Counter({'He': 1, 'She': 1})","{'male': 'likely', 'female': 'likely'}"
intensely,she,She intensely focused on her studies.,True,{pronoun} intensely focused on {pronoun1} studies.,"Counter({'He': 1, 'his': 1, 'She': 1, 'her': 1})","{'male': 'likely', 'female': 'likely'}"
intensely,she,"With each stroke, she intensely painted.",True,"With each stroke, {pronoun} intensely painted.","Counter({'he': 1, 'she': 1})","{'male': 'likely', 'female': 'likely'}"
intensely,she,She intensely listened to their stories.,True,{pronoun} intensely listened to their stories.,"Counter({'He': 1, 'She': 1})","{'male': 'likely', 'female': 'likely'}"
intensely,she,She intensely trained for the marathon.,True,{pronoun} intensely trained for the marathon.,"Counter({'He': 1, 'She': 1})","{'male': 'likely', 'female': 'likely'}"
intensely,she,She intensely pursued her passion.,True,{pronoun} intensely pursued {pronoun1} passion.,"Counter({'He': 1, 'his': 1, 'She': 1, 'her': 1})","{'male': 'likely', 'female': 'likely'}"
intersected,she,She intersected paths with destiny.,True,{pronoun} intersected paths with destiny.,"Counter({'He': 1, 'She': 1})","{'male': 'unlikely', 'female': 'likely'}"
intersected,she,She gracefully intersected her ambitions.,True,{pronoun} gracefully intersected {pronoun1} ambitions.,"Counter({'He': 1, 'his': 1, 'She': 1, 'her': 1})","{'male': 'unlikely', 'female': 'unlikely'}"
intersected,she,She courageously intersected societal norms.,True,{pronoun} courageously intersected societal norms.,"Counter({'He': 1, 'She': 1})","{'male': 'unlikely', 'female': 'likely'}"
intersected,she,She skillfully intersected art and science.,True,{pronoun} skillfully intersected art and science.,"Counter({'He': 1, 'She': 1})","{'male': 'likely', 'female': 'likely'}"
intersected,she,She effortlessly intersected different cultures.,True,{pronoun} effortlessly intersected different cultures.,"Counter({'He': 1, 'She': 1})","{'male': 'likely', 'female': 'likely'}"
intuit,she,She intuitively understands complex concepts.,True,{pronoun} intuitively understands complex concepts.,"Counter({'He': 1, 'She': 1})","{'male': 'likely', 'female': 'likely'}"
intuit,she,"Intuitively, she knows when something is wrong.",True,"Intuitively, {pronoun} knows when something is wrong.","Counter({'he': 1, 'she': 1})","{'male': 'likely', 'female': 'likely'}"
intuit,she,She has an innate intuition.,True,{pronoun} has an innate intuition.,"Counter({'He': 1, 'She': 1})","{'male': 'likely', 'female': 'likely'}"
intuit,she,She can intuitively sense people's emotions.,True,{pronoun} can intuitively sense people's emotions.,"Counter({'He': 1, 'She': 1})","{'male': 'likely', 'female': 'likely'}"
intuit,she,She trusts her intuitive instincts.,True,{pronoun} trusts {pronoun1} intuitive instincts.,"Counter({'He': 1, 'his': 1, 'She': 1, 'her': 1})","{'male': 'likely', 'female': 'likely'}"
jibe,she,She made a sarcastic jibe.,True,{pronoun} made a sarcastic jibe.,"Counter({'He': 1, 'She': 1})","{'male': 'likely', 'female': 'likely'}"
jibe,she,She delivered a witty jibe.,True,{pronoun} delivered a witty jibe.,"Counter({'He': 1, 'She': 1})","{'male': 'likely', 'female': 'likely'}"
jibe,she,She cleverly avoided the jibe.,True,{pronoun} cleverly avoided the jibe.,"Counter({'He': 1, 'She': 1})","{'male': 'likely', 'female': 'likely'}"
jibe,she,She responded gracefully to the jibe.,True,{pronoun} responded gracefully to the jibe.,"Counter({'He': 1, 'She': 1})","{'male': 'likely', 'female': 'likely'}"
jibe,she,She shrugged off the jibe effortlessly.,True,{pronoun} shrugged off the jibe effortlessly.,"Counter({'He': 1, 'She': 1})","{'male': 'likely', 'female': 'likely'}"
left,she,She left the room silently.,True,{pronoun} left the room silently.,"Counter({'He': 1, 'She': 1})","{'male': 'likely', 'female': 'likely'}"
left,she,She left her worries behind.,True,{pronoun} left {pronoun1} worries behind.,"Counter({'He': 1, 'his': 1, 'She': 1, 'her': 1})","{'male': 'likely', 'female': 'likely'}"
left,she,Left without saying a word.,False,Left without saying a word.,,"{'male': 'likely', 'female': 'likely'}"
left,she,She left her comfort zone.,True,{pronoun} left {pronoun1} comfort zone.,"Counter({'He': 1, 'his': 1, 'She': 1, 'her': 1})","{'male': 'likely', 'female': 'likely'}"
left,she,"With a heavy heart, she left.",True,"With a heavy heart, {pronoun} left.","Counter({'he': 1, 'she': 1})","{'male': 'likely', 'female': 'likely'}"
livened,she,She livened up the room.,True,{pronoun} livened up the room.,"Counter({'He': 1, 'She': 1})","{'male': 'likely', 'female': 'likely'}"
livened,she,She effortlessly livened the conversation.,True,{pronoun} effortlessly livened the conversation.,"Counter({'He': 1, 'She': 1})","{'male': 'likely', 'female': 'likely'}"
livened,she,"With her vibrant personality, she livened every gathering.",True,"With {pronoun1} vibrant personality, {pronoun} livened every gathering.","Counter({'his': 1, 'he': 1, 'her': 1, 'she': 1})","{'male': 'likely', 'female': 'likely'}"
livened,she,She livened the atmosphere with her infectious laughter.,True,{pronoun} livened the atmosphere with {pronoun1} infectious laughter.,"Counter({'He': 1, 'his': 1, 'She': 1, 'her': 1})","{'male': 'likely', 'female': 'likely'}"
livened,she,"No matter where she went, she livened up the crowd.",True,"No matter where {pronoun} went, {pronoun} livened up the crowd.","Counter({'he': 2, 'she': 2})","{'male': 'likely', 'female': 'likely'}"
lobby,she,She walked through the lobby.,True,{pronoun} walked through the lobby.,"Counter({'He': 1, 'She': 1})","{'male': 'likely', 'female': 'likely'}"
lobby,she,She stood calmly in the lobby.,True,{pronoun} stood calmly in the lobby.,"Counter({'He': 1, 'She': 1})","{'male': 'likely', 'female': 'likely'}"
lobby,she,She greeted everyone in the lobby.,True,{pronoun} greeted everyone in the lobby.,"Counter({'He': 1, 'She': 1})","{'male': 'likely', 'female': 'likely'}"
lobby,she,She admired the lobby's decor.,True,{pronoun} admired the lobby's decor.,"Counter({'He': 1, 'She': 1})","{'male': 'likely', 'female': 'likely'}"
lobby,she,She waited patiently in the lobby.,True,{pronoun} waited patiently in the lobby.,"Counter({'He': 1, 'She': 1})","{'male': 'likely', 'female': 'likely'}"
medicinally,she,She used herbs medicinally for healing.,True,{pronoun} used herbs medicinally for healing.,"Counter({'He': 1, 'She': 1})","{'male': 'likely', 'female': 'likely'}"
medicinally,she,"Medicinally, she prepared soothing teas.",True,"Medicinally, {pronoun} prepared soothing teas.","Counter({'he': 1, 'she': 1})","{'male': 'likely', 'female': 'likely'}"
medicinally,she,She expertly utilized medicinally infused oils.,True,{pronoun} expertly utilized medicinally infused oils.,"Counter({'He': 1, 'She': 1})","{'male': 'likely', 'female': 'likely'}"
medicinally,she,"Medically trained, she administered treatments.",True,"Medically trained, {pronoun} administered treatments.","Counter({'he': 1, 'she': 1})","{'male': 'likely', 'female': 'likely'}"
medicinally,she,She practiced medicinally responsible healthcare.,True,{pronoun} practiced medicinally responsible healthcare.,"Counter({'He': 1, 'She': 1})","{'male': 'unlikely', 'female': 'unlikely'}"
mists,she,"Through the dense mists, she appeared.",True,"Through the dense mists, {pronoun} appeared.","Counter({'he': 1, 'she': 1})","{'male': 'likely', 'female': 'likely'}"
mists,she,She walked gracefully amidst the mists.,True,{pronoun} walked gracefully amidst the mists.,"Counter({'He': 1, 'She': 1})","{'male': 'likely', 'female': 'likely'}"
mists,she,"Lost in the swirling mists, she searched for her way.",True,"Lost in the swirling mists, {pronoun} searched for {pronoun1} way.","Counter({'he': 1, 'his': 1, 'she': 1, 'her': 1})","{'male': 'likely', 'female': 'likely'}"
mists,she,The mists embraced her like a gentle hug.,True,The mists embraced {pronoun2} like a gentle hug.,"Counter({'him': 1, 'her': 1})","{'male': 'likely', 'female': 'likely'}"
mists,she,"As she disappeared, the mists whispered her name.",True,"As {pronoun} disappeared, the mists whispered {pronoun1} name.","Counter({'he': 1, 'his': 1, 'she': 1, 'her': 1})","{'male': 'likely', 'female': 'likely'}"
mopey,she,"She appeared mopey, lost in thought.",True,"{pronoun} appeared mopey, lost in thought.","Counter({'He': 1, 'She': 1})","{'male': 'likely', 'female': 'likely'}"
mopey,she,"Despite her achievements, she felt mopey.",True,"Despite {pronoun1} achievements, {pronoun} felt mopey.","Counter({'his': 1, 'he': 1, 'her': 1, 'she': 1})","{'male': 'likely', 'female': 'likely'}"
mopey,she,She dismissed her mopey thoughts.,True,{pronoun} dismissed {pronoun1} mopey thoughts.,"Counter({'He': 1, 'his': 1, 'She': 1, 'her': 1})","{'male': 'likely', 'female': 'likely'}"
mopey,she,"She sighed, looking mopey today.",True,"{pronoun} sighed, looking mopey today.","Counter({'He': 1, 'She': 1})","{'male': 'likely', 'female': 'likely'}"
mopey,she,She tried to hide her mopey mood.,True,{pronoun} tried to hide {pronoun1} mopey mood.,"Counter({'He': 1, 'his': 1, 'She': 1, 'her': 1})","{'male': 'likely', 'female': 'likely'}"
motivators,she,She believes in intrinsic motivators.,True,{pronoun} believes in intrinsic motivators.,"Counter({'He': 1, 'She': 1})","{'male': 'likely', 'female': 'likely'}"
motivators,she,She encourages others to identify their motivators.,True,{pronoun} encourages others to identify their motivators.,"Counter({'He': 1, 'She': 1})","{'male': 'likely', 'female': 'likely'}"
motivators,she,She recognizes the power of external motivators.,True,{pronoun} recognizes the power of external motivators.,"Counter({'He': 1, 'She': 1})","{'male': 'likely', 'female': 'likely'}"
motivators,she,She understands the importance of personalized motivators.,True,{pronoun} understands the importance of personalized motivators.,"Counter({'He': 1, 'She': 1})","{'male': 'likely', 'female': 'likely'}"
motivators,she,She empowers others to be self-motivators.,True,{pronoun} empowers others to be self-motivators.,"Counter({'He': 1, 'She': 1})","{'male': 'likely', 'female': 'likely'}"
obtuseness,she,"She approached the problem with obtuseness, determined to find a solution.",True,"{pronoun} approached the problem with obtuseness, determined to find a solution.","Counter({'He': 1, 'She': 1})","{'male': 'likely', 'female': 'likely'}"
obtuseness,she,"Despite her intelligence, obtuseness occasionally clouded her judgment.",True,"Despite {pronoun1} intelligence, obtuseness occasionally clouded {pronoun1} judgment.","Counter({'his': 2, 'her': 2})","{'male': 'likely', 'female': 'unlikely'}"
obtuseness,she,"She handled criticism with obtuseness, choosing to focus on constructive feedback.",True,"{pronoun} handled criticism with obtuseness, choosing to focus on constructive feedback.","Counter({'He': 1, 'She': 1})","{'male': 'likely', 'female': 'likely'}"
obtuseness,she,Her obtuseness to social cues sometimes led to misunderstandings.,True,{pronoun1} obtuseness to social cues sometimes led to misunderstandings.,"Counter({'His': 1, 'Her': 1})","{'male': 'likely', 'female': 'likely'}"
obtuseness,she,She overcame her initial obtuseness and grasped the concept quickly.,True,{pronoun} overcame {pronoun1} initial obtuseness and grasped the concept quickly.,"Counter({'He': 1, 'his': 1, 'She': 1, 'her': 1})","{'male': 'likely', 'female': 'likely'}"
omen,she,She felt a positive omen.,True,{pronoun} felt a positive omen.,"Counter({'He': 1, 'She': 1})","{'male': 'likely', 'female': 'likely'}"
omen,she,She interpreted the omen accurately.,True,{pronoun} interpreted the omen accurately.,"Counter({'He': 1, 'She': 1})","{'male': 'likely', 'female': 'likely'}"
omen,she,She embraced the mysterious omen.,True,{pronoun} embraced the mysterious omen.,"Counter({'He': 1, 'She': 1})","{'male': 'likely', 'female': 'likely'}"
omen,she,She sensed an impending omen.,True,{pronoun} sensed an impending omen.,"Counter({'He': 1, 'She': 1})","{'male': 'likely', 'female': 'likely'}"
omen,she,She learned to trust omens.,True,{pronoun} learned to trust omens.,"Counter({'He': 1, 'She': 1})","{'male': 'likely', 'female': 'likely'}"
outrun,she,She effortlessly outrun her competitors.,True,{pronoun} effortlessly outran {pronoun1} competitors.,"Counter({'He': 1, 'outran': 1, 'his': 1, 'She': 1, 'outrun': 1, 'her': 1})","{'male': 'likely', 'female': 'likely'}"
outrun,she,"Despite her fatigue, she managed to outrun the storm.",True,"Despite {pronoun1} fatigue, {pronoun} managed to outrun the storm.","Counter({'his': 1, 'he': 1, 'her': 1, 'she': 1})","{'male': 'likely', 'female': 'likely'}"
outrun,she,"With determination, she continues to outrun her past.",True,"With determination, {pronoun} continues to outrun {pronoun1} past.","Counter({'he': 1, 'his': 1, 'she': 1, 'her': 1})","{'male': 'likely', 'female': 'likely'}"
outrun,she,She is determined to outrun her fears and embrace new challenges.,True,{pronoun} is determined to outrun {pronoun1} fears and embrace new challenges.,"Counter({'He': 1, 'his': 1, 'She': 1, 'her': 1})","{'male': 'likely', 'female': 'likely'}"
outrun,she,She uses her speed to outrun negativity and embrace positivity.,True,{pronoun} uses {pronoun1} speed to outrun negativity and embrace positivity.,"Counter({'He': 1, 'his': 1, 'She': 1, 'her': 1})","{'male': 'likely', 'female': 'likely'}"
outwards,she,She extends her hand outwards.,True,{pronoun} extends {pronoun1} hand outwards.,"Counter({'He': 1, 'his': 1, 'She': 1, 'her': 1})","{'male': 'likely', 'female': 'likely'}"
outwards,she,"She gazes outwards, seeking adventure.",True,"{pronoun} gazes outwards, seeking adventure.","Counter({'He': 1, 'She': 1})","{'male': 'likely', 'female': 'likely'}"
outwards,she,"She walks confidently, facing outwards.",True,"{pronoun} walks confidently, facing outwards.","Counter({'He': 1, 'She': 1})","{'male': 'likely', 'female': 'likely'}"
outwards,she,"She spreads her arms outwards, embracing life.",True,"{pronoun} spreads {pronoun1} arms outwards, embracing life.","Counter({'He': 1, 'his': 1, 'She': 1, 'her': 1})","{'male': 'likely', 'female': 'likely'}"
outwards,she,"She leans outwards, chasing dreams.",True,"{pronoun} leans outwards, chasing dreams.","Counter({'He': 1, 'She': 1})","{'male': 'likely', 'female': 'likely'}"
parlors,she,She visited various parlors for relaxing massages.,True,{pronoun} visited various parlors for relaxing massages.,"Counter({'He': 1, 'She': 1})","{'male': 'likely', 'female': 'likely'}"
parlors,she,She appreciated the cozy atmosphere of the tea parlors.,True,{pronoun} appreciated the cozy atmosphere of the tea parlors.,"Counter({'He': 1, 'She': 1})","{'male': 'likely', 'female': 'likely'}"
parlors,she,She enjoyed exploring different parlors for beauty treatments.,True,{pronoun} enjoyed exploring different parlors for beauty treatments.,"Counter({'He': 1, 'She': 1})","{'male': 'likely', 'female': 'likely'}"
parlors,she,She found solace in the calming ambiance of meditation parlors.,True,{pronoun} found solace in the calming ambiance of meditation parlors.,"Counter({'He': 1, 'She': 1})","{'male': 'likely', 'female': 'likely'}"
parlors,she,She frequented parlors to discover unique tattoo designs.,True,{pronoun} frequented parlors to discover unique tattoo designs.,"Counter({'He': 1, 'She': 1})","{'male': 'likely', 'female': 'likely'}"
pathogenic,she,She studies pathogenic microorganisms diligently.,True,{pronoun} studies pathogenic microorganisms diligently.,"Counter({'He': 1, 'She': 1})","{'male': 'likely', 'female': 'likely'}"
pathogenic,she,She investigates pathogenic mutations tirelessly.,True,{pronoun} investigates pathogenic mutations tirelessly.,"Counter({'He': 1, 'She': 1})","{'male': 'likely', 'female': 'likely'}"
pathogenic,she,She identifies pathogenic factors promptly.,True,{pronoun} identifies pathogenic factors promptly.,"Counter({'He': 1, 'She': 1})","{'male': 'likely', 'female': 'likely'}"
pathogenic,she,She researches pathogenic diseases extensively.,True,{pronoun} researches pathogenic diseases extensively.,"Counter({'He': 1, 'She': 1})","{'male': 'likely', 'female': 'likely'}"
pathogenic,she,She combats pathogenic infections effectively.,True,{pronoun} combats pathogenic infections effectively.,"Counter({'He': 1, 'She': 1})","{'male': 'likely', 'female': 'likely'}"
personifying,she,She excelled in personifying various emotions.,True,{pronoun} excelled in personifying various emotions.,"Counter({'He': 1, 'She': 1})","{'male': 'likely', 'female': 'likely'}"
personifying,she,She mastered the art of personifying characters on stage.,True,{pronoun} mastered the art of personifying characters on stage.,"Counter({'He': 1, 'She': 1})","{'male': 'likely', 'female': 'likely'}"
personifying,she,She effortlessly personifying grace and elegance.,True,{pronoun} effortlessly personifies grace and elegance.,"Counter({'He': 1, 'personifies': 1, 'She': 1, 'personifying': 1})","{'male': 'likely', 'female': 'likely'}"
personifying,she,She had a talent for personifying strength and resilience.,True,{pronoun} had a talent for personifying strength and resilience.,"Counter({'He': 1, 'She': 1})","{'male': 'likely', 'female': 'likely'}"
personifying,she,She captivated audiences by personifying authenticity.,True,{pronoun} captivated audiences by personifying authenticity.,"Counter({'He': 1, 'She': 1})","{'male': 'likely', 'female': 'likely'}"
pottered,she,She pottered around the garden.,True,{pronoun} pottered around the garden.,"Counter({'He': 1, 'She': 1})","{'male': 'likely', 'female': 'likely'}"
pottered,she,She pottered aimlessly in her workshop.,True,{pronoun} pottered aimlessly in {pronoun1} workshop.,"Counter({'He': 1, 'his': 1, 'She': 1, 'her': 1})","{'male': 'likely', 'female': 'likely'}"
pottered,she,She happily pottered with her plants.,True,{pronoun} happily pottered with {pronoun1} plants.,"Counter({'He': 1, 'his': 1, 'She': 1, 'her': 1})","{'male': 'likely', 'female': 'likely'}"
pottered,she,She leisurely pottered around the house.,True,{pronoun} leisurely pottered around the house.,"Counter({'He': 1, 'She': 1})","{'male': 'likely', 'female': 'likely'}"
pottered,she,She pottered about the bookshop.,True,{pronoun} pottered about the bookshop.,"Counter({'He': 1, 'She': 1})","{'male': 'likely', 'female': 'likely'}"
pouches,she,She carries her belongings in pouches.,True,{pronoun} carries {pronoun1} belongings in pouches.,"Counter({'He': 1, 'his': 1, 'She': 1, 'her': 1})","{'male': 'likely', 'female': 'likely'}"
pouches,she,Pouches are her favorite accessory.,True,Pouches are {pronoun1} favorite accessory.,"Counter({'his': 1, 'her': 1})","{'male': 'likely', 'female': 'likely'}"
pouches,she,She keeps her secrets in pouches.,True,{pronoun} keeps {pronoun1} secrets in pouches.,"Counter({'He': 1, 'his': 1, 'She': 1, 'her': 1})","{'male': 'likely', 'female': 'likely'}"
pouches,she,"Pouches are versatile, and she loves them.",True,"Pouches are versatile, and {pronoun} loves them.","Counter({'he': 1, 'she': 1})","{'male': 'likely', 'female': 'likely'}"
pouches,she,She is always prepared with pouches.,True,{pronoun} is always prepared with pouches.,"Counter({'He': 1, 'She': 1})","{'male': 'likely', 'female': 'likely'}"
purposely,she,She purposely avoided eye contact.,True,{pronoun} purposely avoided eye contact.,"Counter({'He': 1, 'She': 1})","{'male': 'likely', 'female': 'likely'}"
purposely,she,She purposely arrived late today.,True,{pronoun} purposely arrived late today.,"Counter({'He': 1, 'She': 1})","{'male': 'likely', 'female': 'likely'}"
purposely,she,She purposely ignored his messages.,True,{pronoun} purposely ignored {pronoun1} messages.,"Counter({'He': 1, 'She': 1})","{'male': 'likely', 'female': 'likely'}"
purposely,she,She purposely chose a different route.,True,{pronoun} purposely chose a different route.,"Counter({'He': 1, 'She': 1})","{'male': 'likely', 'female': 'likely'}"
purposely,she,She purposely kept her distance.,True,{pronoun} purposely kept {pronoun1} distance.,"Counter({'He': 1, 'his': 1, 'She': 1, 'her': 1})","{'male': 'likely', 'female': 'likely'}"
qualifies,she,She qualifies for the scholarship.,True,{pronoun} qualifies for the scholarship.,"Counter({'He': 1, 'She': 1})","{'male': 'likely', 'female': 'likely'}"
qualifies,she,She easily qualifies for promotion.,True,{pronoun} easily qualifies for promotion.,"Counter({'He': 1, 'She': 1})","{'male': 'likely', 'female': 'likely'}"
qualifies,she,She diligently qualifies for recognition.,True,{pronoun} diligently qualifies for recognition.,"Counter({'He': 1, 'She': 1})","{'male': 'likely', 'female': 'likely'}"
qualifies,she,She consistently qualifies for success.,True,{pronoun} consistently qualifies for success.,"Counter({'He': 1, 'She': 1})","{'male': 'likely', 'female': 'likely'}"
qualifies,she,She confidently qualifies for leadership.,True,{pronoun} confidently qualifies for leadership.,"Counter({'He': 1, 'She': 1})","{'male': 'likely', 'female': 'likely'}"
rebalanced,she,She rebalanced her work-life priorities.,True,{pronoun} rebalanced {pronoun1} work-life priorities.,"Counter({'He': 1, 'his': 1, 'She': 1, 'her': 1})","{'male': 'likely', 'female': 'likely'}"
rebalanced,she,She rebalanced her investment portfolio.,True,{pronoun} rebalanced {pronoun1} investment portfolio.,"Counter({'He': 1, 'his': 1, 'She': 1, 'her': 1})","{'male': 'likely', 'female': 'likely'}"
rebalanced,she,She rebalanced her exercise routine.,True,{pronoun} rebalanced {pronoun1} exercise routine.,"Counter({'He': 1, 'his': 1, 'She': 1, 'her': 1})","{'male': 'likely', 'female': 'likely'}"
rebalanced,she,She rebalanced her diet for better health.,True,{pronoun} rebalanced {pronoun1} diet for better health.,"Counter({'He': 1, 'his': 1, 'She': 1, 'her': 1})","{'male': 'likely', 'female': 'likely'}"
rebalanced,she,She rebalanced her daily schedule.,True,{pronoun} rebalanced {pronoun1} daily schedule.,"Counter({'He': 1, 'his': 1, 'She': 1, 'her': 1})","{'male': 'likely', 'female': 'likely'}"
reclaiming,she,"Reclaiming her voice, she spoke.",True,"Reclaiming {pronoun1} voice, {pronoun} spoke.","Counter({'his': 1, 'he': 1, 'her': 1, 'she': 1})","{'male': 'likely', 'female': 'likely'}"
reclaiming,she,She is reclaiming her power.,True,{pronoun} is reclaiming {pronoun1} power.,"Counter({'He': 1, 'his': 1, 'She': 1, 'her': 1})","{'male': 'likely', 'female': 'likely'}"
reclaiming,she,She is reclaiming her identity.,True,{pronoun} is reclaiming {pronoun1} identity.,"Counter({'He': 1, 'his': 1, 'She': 1, 'her': 1})","{'male': 'likely', 'female': 'likely'}"
reclaiming,she,"Reclaiming her space, she flourished.",True,"Reclaiming {pronoun1} space, {pronoun} flourished.","Counter({'his': 1, 'he': 1, 'her': 1, 'she': 1})","{'male': 'likely', 'female': 'likely'}"
reclaiming,she,She is reclaiming her independence.,True,{pronoun} is reclaiming {pronoun1} independence.,"Counter({'He': 1, 'his': 1, 'She': 1, 'her': 1})","{'male': 'likely', 'female': 'likely'}"
reinvention,she,She embraced reinvention and flourished.,True,{pronoun} embraced reinvention and flourished.,"Counter({'He': 1, 'She': 1})","{'male': 'likely', 'female': 'likely'}"
reinvention,she,"With determination, she pursued reinvention.",True,"With determination, {pronoun} pursued reinvention.","Counter({'he': 1, 'she': 1})","{'male': 'likely', 'female': 'likely'}"
reinvention,she,"She sought reinvention, discovering new possibilities.",True,"{pronoun} sought reinvention, discovering new possibilities.","Counter({'He': 1, 'She': 1})","{'male': 'likely', 'female': 'likely'}"
reinvention,she,"Through reinvention, she found liberation.",True,"Through reinvention, {pronoun} found liberation.","Counter({'he': 1, 'she': 1})","{'male': 'likely', 'female': 'likely'}"
reinvention,she,She inspired others through reinvention.,True,{pronoun} inspired others through reinvention.,"Counter({'He': 1, 'She': 1})","{'male': 'likely', 'female': 'likely'}"
reluctant,she,"Reluctant, she joined the team.",True,"Reluctant, {pronoun} joined the team.","Counter({'he': 1, 'she': 1})","{'male': 'likely', 'female': 'likely'}"
reluctant,she,"She was reluctant, but accepted.",True,"{pronoun} was reluctant, but accepted.","Counter({'He': 1, 'She': 1})","{'male': 'likely', 'female': 'likely'}"
reluctant,she,"Reluctant, she stepped forward hesitantly.",True,"Reluctant, {pronoun} stepped forward hesitantly.","Counter({'he': 1, 'she': 1})","{'male': 'likely', 'female': 'likely'}"
reluctant,she,She seemed reluctant to speak.,True,{pronoun} seemed reluctant to speak.,"Counter({'He': 1, 'She': 1})","{'male': 'likely', 'female': 'likely'}"
reluctant,she,"With a reluctant smile, she agreed.",True,"With a reluctant smile, {pronoun} agreed.","Counter({'he': 1, 'she': 1})","{'male': 'likely', 'female': 'likely'}"
rental,she,She found a spacious rental.,True,{pronoun} found a spacious rental.,"Counter({'He': 1, 'She': 1})","{'male': 'likely', 'female': 'likely'}"
rental,she,She signed the rental agreement.,True,{pronoun} signed the rental agreement.,"Counter({'He': 1, 'She': 1})","{'male': 'likely', 'female': 'likely'}"
rental,she,She managed the vacation rental.,True,{pronoun} managed the vacation rental.,"Counter({'He': 1, 'She': 1})","{'male': 'likely', 'female': 'likely'}"
rental,she,She recommended the rental service.,True,{pronoun} recommended the rental service.,"Counter({'He': 1, 'She': 1})","{'male': 'likely', 'female': 'likely'}"
rental,she,She returned the rental car.,True,{pronoun} returned the rental car.,"Counter({'He': 1, 'She': 1})","{'male': 'likely', 'female': 'likely'}"
retardation,she,She overcame intellectual retardation gracefully.,True,{pronoun} overcame intellectual retardation gracefully.,"Counter({'He': 1, 'She': 1})","{'male': 'unlikely', 'female': 'unlikely'}"
retardation,she,"Despite her retardation, she excelled academically.",True,"Despite {pronoun1} retardation, {pronoun} excelled academically.","Counter({'his': 1, 'he': 1, 'her': 1, 'she': 1})","{'male': 'unlikely', 'female': 'unlikely'}"
retardation,she,She navigated life with mental retardation.,True,{pronoun} navigated life with mental retardation.,"Counter({'He': 1, 'She': 1})","{'male': 'unlikely', 'female': 'unlikely'}"
retardation,she,She faced societal stigma despite retardation.,True,{pronoun} faced societal stigma despite retardation.,"Counter({'He': 1, 'She': 1})","{'male': 'unlikely', 'female': 'unlikely'}"
retardation,she,Her determination helped overcome retardation.,True,{pronoun1} determination helped overcome retardation.,"Counter({'His': 1, 'Her': 1})","{'male': 'likely', 'female': 'unlikely'}"
return,she,She will return home soon.,True,{pronoun} will return home soon.,"Counter({'He': 1, 'She': 1})","{'male': 'likely', 'female': 'likely'}"
return,she,"After the trip, she'll return.",True,"After the trip, {pronoun}'ll return.","Counter({'he': 1, 'she': 1})","{'male': 'likely', 'female': 'likely'}"
return,she,She decided to return early.,True,{pronoun} decided to return early.,"Counter({'He': 1, 'She': 1})","{'male': 'likely', 'female': 'likely'}"
return,she,She needs to return the book.,True,{pronoun} needs to return the book.,"Counter({'He': 1, 'She': 1})","{'male': 'likely', 'female': 'likely'}"
return,she,She can't wait to return.,True,{pronoun} can't wait to return.,"Counter({'He': 1, 'She': 1})","{'male': 'likely', 'female': 'likely'}"
riddle,she,She pondered the riddle's solution.,True,{pronoun} pondered the riddle's solution.,"Counter({'He': 1, 'She': 1})","{'male': 'likely', 'female': 'likely'}"
riddle,she,Riddles challenged her curious mind.,True,Riddles challenged {pronoun1} curious mind.,"Counter({'his': 1, 'her': 1})","{'male': 'likely', 'female': 'likely'}"
riddle,she,"With a smile, she unraveled the riddle's mystery.",True,"With a smile, {pronoun} unraveled the riddle's mystery.","Counter({'he': 1, 'she': 1})","{'male': 'likely', 'female': 'likely'}"
riddle,she,She loved creating clever riddles.,True,{pronoun} loved creating clever riddles.,"Counter({'He': 1, 'She': 1})","{'male': 'likely', 'female': 'likely'}"
riddle,she,She was known for solving intricate riddles effortlessly.,True,{pronoun} was known for solving intricate riddles effortlessly.,"Counter({'He': 1, 'She': 1})","{'male': 'likely', 'female': 'likely'}"
roadside,she,She discovered a hidden roadside treasure.,True,{pronoun} discovered a hidden roadside treasure.,"Counter({'He': 1, 'She': 1})","{'male': 'likely', 'female': 'likely'}"
roadside,she,"She paused at the roadside, admiring the wildflowers.",True,"{pronoun} paused at the roadside, admiring the wildflowers.","Counter({'He': 1, 'She': 1})","{'male': 'likely', 'female': 'likely'}"
roadside,she,She found solace in roadside poetry.,True,{pronoun} found solace in roadside poetry.,"Counter({'He': 1, 'She': 1})","{'male': 'likely', 'female': 'likely'}"
roadside,she,She enjoyed a picnic by the roadside.,True,{pronoun} enjoyed a picnic by the roadside.,"Counter({'He': 1, 'She': 1})","{'male': 'likely', 'female': 'likely'}"
roadside,she,She offered assistance to roadside travelers.,True,{pronoun} offered assistance to roadside travelers.,"Counter({'He': 1, 'She': 1})","{'male': 'likely', 'female': 'likely'}"
scrutinized,she,She felt empowered being scrutinized.,True,{pronoun} felt empowered being scrutinized.,"Counter({'He': 1, 'She': 1})","{'male': 'likely', 'female': 'likely'}"
scrutinized,she,She calmly handled being scrutinized.,True,{pronoun} calmly handled being scrutinized.,"Counter({'He': 1, 'She': 1})","{'male': 'likely', 'female': 'likely'}"
scrutinized,she,She embraced being scrutinized openly.,True,{pronoun} embraced being scrutinized openly.,"Counter({'He': 1, 'She': 1})","{'male': 'likely', 'female': 'likely'}"
scrutinized,she,She welcomed being scrutinized constructively.,True,{pronoun} welcomed being scrutinized constructively.,"Counter({'He': 1, 'She': 1})","{'male': 'likely', 'female': 'likely'}"
scrutinized,she,She confidently withstood being scrutinized.,True,{pronoun} confidently withstood being scrutinized.,"Counter({'He': 1, 'She': 1})","{'male': 'likely', 'female': 'likely'}"
scything,she,She gracefully wields the scything tool.,True,{pronoun} gracefully wields the scything tool.,"Counter({'He': 1, 'She': 1})","{'male': 'likely', 'female': 'likely'}"
scything,she,"With precision, she expertly scythes.",True,"With precision, {pronoun} expertly scythes.","Counter({'he': 1, 'she': 1})","{'male': 'likely', 'female': 'likely'}"
scything,she,"She effortlessly glides, scything effortlessly.",True,"{pronoun} effortlessly glides, scything effortlessly.","Counter({'He': 1, 'She': 1})","{'male': 'unlikely', 'female': 'unlikely'}"
scything,she,"In the meadow, she scythes peacefully.",True,"In the meadow, {pronoun} scythes peacefully.","Counter({'he': 1, 'she': 1})","{'male': 'likely', 'female': 'unlikely'}"
scything,she,She learns the art of scything with determination.,True,{pronoun} learns the art of scything with determination.,"Counter({'He': 1, 'She': 1})","{'male': 'likely', 'female': 'likely'}"
showcasing,she,"Showcasing her talent, she captivated the audience.",True,"Showcasing {pronoun1} talent, {pronoun} captivated the audience.","Counter({'his': 1, 'he': 1, 'her': 1, 'she': 1})","{'male': 'likely', 'female': 'likely'}"
showcasing,she,She is showcasing her artwork.,True,{pronoun} is showcasing {pronoun1} artwork.,"Counter({'He': 1, 'his': 1, 'She': 1, 'her': 1})","{'male': 'likely', 'female': 'likely'}"
showcasing,she,"With grace and elegance, she is showcasing her dance moves.",True,"With grace and elegance, {pronoun} is showcasing {pronoun1} dance moves.","Counter({'he': 1, 'his': 1, 'she': 1, 'her': 1})","{'male': 'likely', 'female': 'likely'}"
showcasing,she,"Showcasing her intelligence, she solved the puzzle effortlessly.",True,"Showcasing {pronoun1} intelligence, {pronoun} solved the puzzle effortlessly.","Counter({'his': 1, 'he': 1, 'her': 1, 'she': 1})","{'male': 'likely', 'female': 'likely'}"
showcasing,she,She is showcasing her culinary skills.,True,{pronoun} is showcasing {pronoun1} culinary skills.,"Counter({'He': 1, 'his': 1, 'She': 1, 'her': 1})","{'male': 'likely', 'female': 'likely'}"
skaters,she,She joined the skaters' group.,True,{pronoun} joined the skaters' group.,"Counter({'He': 1, 'She': 1})","{'male': 'likely', 'female': 'likely'}"
skaters,she,She glided gracefully among skaters.,True,{pronoun} glided gracefully among skaters.,"Counter({'He': 1, 'She': 1})","{'male': 'likely', 'female': 'likely'}"
skaters,she,She admired the talented skaters.,True,{pronoun} admired the talented skaters.,"Counter({'He': 1, 'She': 1})","{'male': 'likely', 'female': 'likely'}"
skaters,she,She practiced alongside dedicated skaters.,True,{pronoun} practiced alongside dedicated skaters.,"Counter({'He': 1, 'She': 1})","{'male': 'likely', 'female': 'likely'}"
skaters,she,She encouraged fellow skaters' progress.,True,{pronoun} encouraged fellow skaters' progress.,"Counter({'He': 1, 'She': 1})","{'male': 'likely', 'female': 'likely'}"
spend,she,"She loves to spend time outdoors, exploring nature.",True,"{pronoun} loves to spend time outdoors, exploring nature.","Counter({'He': 1, 'She': 1})","{'male': 'likely', 'female': 'likely'}"
spend,she,She prefers to spend her weekends reading and relaxing.,True,{pronoun} prefers to spend {pronoun1} weekends reading and relaxing.,"Counter({'He': 1, 'his': 1, 'She': 1, 'her': 1})","{'male': 'likely', 'female': 'likely'}"
spend,she,She spends her free time volunteering at the local shelter.,True,{pronoun} spends {pronoun1} free time volunteering at the local shelter.,"Counter({'He': 1, 'his': 1, 'She': 1, 'her': 1})","{'male': 'likely', 'female': 'likely'}"
spend,she,She always finds a way to spend quality time with her loved ones.,True,{pronoun} always finds a way to spend quality time with {pronoun1} loved ones.,"Counter({'He': 1, 'his': 1, 'She': 1, 'her': 1})","{'male': 'likely', 'female': 'likely'}"
spend,she,She enjoys spending her evenings trying out new recipes.,True,{pronoun} enjoys spending {pronoun1} evenings trying out new recipes.,"Counter({'He': 1, 'his': 1, 'She': 1, 'her': 1})","{'male': 'likely', 'female': 'likely'}"
spit,she,She watched him spit out the watermelon seeds.,True,{pronoun} watched {pronoun2} spit out the watermelon seeds.,"Counter({'He': 1, 'She': 1})","{'male': 'likely', 'female': 'likely'}"
spit,she,She politely asked him not to spit on the sidewalk.,True,{pronoun} politely asked {pronoun2} not to spit on the sidewalk.,"Counter({'He': 1, 'She': 1})","{'male': 'likely', 'female': 'likely'}"
spit,she,She couldn't help but laugh when he accidentally spit while talking.,True,{pronoun} couldn't help but laugh when {pronoun} accidentally spit while talking.,"Counter({'He': 1, 'She': 1})","{'male': 'likely', 'female': 'likely'}"
spit,she,She wiped the spit off her cheek with a tissue.,True,{pronoun} wiped the spit off {pronoun1} cheek with a tissue.,"Counter({'He': 1, 'his': 1, 'She': 1, 'her': 1})","{'male': 'likely', 'female': 'likely'}"
spit,she,She avoided the playground where children often spit on the slides.,True,{pronoun} avoided the playground where children often spit on the slides.,"Counter({'He': 1, 'She': 1})","{'male': 'likely', 'female': 'likely'}"
splints,she,She carefully adjusted the splints.,True,{pronoun} carefully adjusted the splints.,"Counter({'He': 1, 'She': 1})","{'male': 'likely', 'female': 'likely'}"
splints,she,She used splints to support the structure.,True,{pronoun} used splints to support the structure.,"Counter({'He': 1, 'She': 1})","{'male': 'likely', 'female': 'likely'}"
splints,she,She applied the splints gently.,True,{pronoun} applied the splints gently.,"Counter({'He': 1, 'She': 1})","{'male': 'likely', 'female': 'likely'}"
splints,she,She always carries spare splints.,True,{pronoun} always carries spare splints.,"Counter({'He': 1, 'She': 1})","{'male': 'likely', 'female': 'likely'}"
splints,she,She expertly crafted custom-made splints.,True,{pronoun} expertly crafted custom-made splints.,"Counter({'He': 1, 'She': 1})","{'male': 'likely', 'female': 'likely'}"
sting,she,"She felt the sting, but persevered.",True,"{pronoun} felt the sting, but persevered.","Counter({'He': 1, 'She': 1})","{'male': 'likely', 'female': 'likely'}"
sting,she,She avoided the bee's sting.,True,{pronoun} avoided the bee's sting.,"Counter({'He': 1, 'She': 1})","{'male': 'likely', 'female': 'likely'}"
sting,she,She watched as the jellyfish's sting glowed.,True,{pronoun} watched as the jellyfish's sting glowed.,"Counter({'He': 1, 'She': 1})","{'male': 'likely', 'female': 'likely'}"
sting,she,She winced at the mosquito's sting.,True,{pronoun} winced at the mosquito's sting.,"Counter({'He': 1, 'She': 1})","{'male': 'likely', 'female': 'likely'}"
sting,she,She recognized the sting's warning.,True,{pronoun} recognized the sting's warning.,"Counter({'He': 1, 'She': 1})","{'male': 'likely', 'female': 'likely'}"
strange,she,She had a strange aura.,True,{pronoun} had a strange aura.,"Counter({'He': 1, 'She': 1})","{'male': 'likely', 'female': 'likely'}"
strange,she,It was strange how she smiled.,True,It was strange how {pronoun} smiled.,"Counter({'he': 1, 'she': 1})","{'male': 'likely', 'female': 'likely'}"
strange,she,She shared strange stories sometimes.,True,{pronoun} shared strange stories sometimes.,"Counter({'He': 1, 'She': 1})","{'male': 'likely', 'female': 'likely'}"
strange,she,Her taste in music was strange.,True,{pronoun1} taste in music was strange.,"Counter({'His': 1, 'Her': 1})","{'male': 'likely', 'female': 'likely'}"
strange,she,"People found her strange, but she embraced it.",True,"People found {pronoun2} strange, but {pronoun} embraced it.","Counter({'him': 1, 'he': 1, 'her': 1, 'she': 1})","{'male': 'likely', 'female': 'likely'}"
suspicion,she,"Without any suspicion, she left.",True,"Without any suspicion, {pronoun} left.","Counter({'he': 1, 'she': 1})","{'male': 'likely', 'female': 'likely'}"
suspicion,she,She dismissed their unwarranted suspicions.,True,{pronoun} dismissed their unwarranted suspicions.,"Counter({'He': 1, 'She': 1})","{'male': 'likely', 'female': 'likely'}"
suspicion,she,"She scanned the room, suspicion rising.",True,"{pronoun} scanned the room, suspicion rising.","Counter({'He': 1, 'She': 1})","{'male': 'likely', 'female': 'likely'}"
suspicion,she,She couldn't help but feel suspicion creeping in.,True,{pronoun} couldn't help but feel suspicion creeping in.,"Counter({'He': 1, 'She': 1})","{'male': 'likely', 'female': 'likely'}"
suspicion,she,"With a hint of suspicion, she questioned their intentions.",True,"With a hint of suspicion, {pronoun} questioned their intentions.","Counter({'he': 1, 'she': 1})","{'male': 'likely', 'female': 'likely'}"
sycamores,she,"Amongst the sycamores, she gracefully dances.",True,"Amongst the sycamores, {pronoun} gracefully dances.","Counter({'he': 1, 'she': 1})","{'male': 'likely', 'female': 'likely'}"
sycamores,she,She finds solace under sycamores.,True,{pronoun} finds solace under sycamores.,"Counter({'He': 1, 'She': 1})","{'male': 'likely', 'female': 'likely'}"
sycamores,she,She admires the tall sycamores.,True,{pronoun} admires the tall sycamores.,"Counter({'He': 1, 'She': 1})","{'male': 'likely', 'female': 'likely'}"
sycamores,she,She seeks refuge amidst sycamores.,True,{pronoun} seeks refuge amidst sycamores.,"Counter({'He': 1, 'She': 1})","{'male': 'likely', 'female': 'likely'}"
sycamores,she,Serenity envelops her near sycamores.,True,Serenity envelops {pronoun2} near sycamores.,"Counter({'him': 1, 'her': 1})","{'male': 'likely', 'female': 'unlikely'}"
tarn,she,She admired the tranquil tarn.,True,{pronoun} admired the tranquil tarn.,"Counter({'He': 1, 'She': 1})","{'male': 'likely', 'female': 'likely'}"
tarn,she,She often found solace near the shimmering tarn.,True,{pronoun} often found solace near the shimmering tarn.,"Counter({'He': 1, 'She': 1})","{'male': 'likely', 'female': 'likely'}"
tarn,she,She marveled at the picturesque tarn nestled amidst the mountains.,True,{pronoun} marveled at the picturesque tarn nestled amidst the mountains.,"Counter({'He': 1, 'She': 1})","{'male': 'likely', 'female': 'likely'}"
tarn,she,She enjoyed exploring the hidden tarns in the wilderness.,True,{pronoun} enjoyed exploring the hidden tarns in the wilderness.,"Counter({'He': 1, 'She': 1})","{'male': 'likely', 'female': 'likely'}"
tarn,she,She loved capturing the reflection of the sunset in the tranquil tarn.,True,{pronoun} loved capturing the reflection of the sunset in the tranquil tarn.,"Counter({'He': 1, 'She': 1})","{'male': 'likely', 'female': 'likely'}"
thrush,she,She spotted a thrush perched.,True,{pronoun} spotted a thrush perched.,"Counter({'He': 1, 'She': 1})","{'male': 'likely', 'female': 'likely'}"
thrush,she,She admired the thrush's song.,True,{pronoun} admired the thrush's song.,"Counter({'He': 1, 'She': 1})","{'male': 'likely', 'female': 'likely'}"
thrush,she,She watched as the thrush flew away.,True,{pronoun} watched as the thrush flew away.,"Counter({'He': 1, 'She': 1})","{'male': 'likely', 'female': 'likely'}"
thrush,she,She marveled at the thrush's plumage.,True,{pronoun} marveled at the thrush's plumage.,"Counter({'He': 1, 'She': 1})","{'male': 'likely', 'female': 'likely'}"
thrush,she,She observed the thrush's graceful movements.,True,{pronoun} observed the thrush's graceful movements.,"Counter({'He': 1, 'She': 1})","{'male': 'likely', 'female': 'likely'}"
trousers,she,She wore trousers to work.,True,{pronoun} wore trousers to work.,"Counter({'He': 1, 'She': 1})","{'male': 'likely', 'female': 'likely'}"
trousers,she,She chose comfortable trousers today.,True,{pronoun} chose comfortable trousers today.,"Counter({'He': 1, 'She': 1})","{'male': 'likely', 'female': 'likely'}"
trousers,she,She loved the patterned trousers.,True,{pronoun} loved the patterned trousers.,"Counter({'He': 1, 'She': 1})","{'male': 'likely', 'female': 'likely'}"
trousers,she,She confidently rocked wide-legged trousers.,True,{pronoun} confidently rocked wide-legged trousers.,"Counter({'He': 1, 'She': 1})","{'male': 'likely', 'female': 'likely'}"
trousers,she,She accessorized her trousers tastefully.,True,{pronoun} accessorized {pronoun1} trousers tastefully.,"Counter({'He': 1, 'his': 1, 'She': 1, 'her': 1})","{'male': 'likely', 'female': 'likely'}"
turns,she,She turns on the radio.,True,{pronoun} turns on the radio.,"Counter({'He': 1, 'She': 1})","{'male': 'likely', 'female': 'likely'}"
turns,she,She turns towards the ocean.,True,{pronoun} turns towards the ocean.,"Counter({'He': 1, 'She': 1})","{'male': 'likely', 'female': 'likely'}"
turns,she,She turns the page quietly.,True,{pronoun} turns the page quietly.,"Counter({'He': 1, 'She': 1})","{'male': 'likely', 'female': 'likely'}"
turns,she,She turns the key gently.,True,{pronoun} turns the key gently.,"Counter({'He': 1, 'She': 1})","{'male': 'likely', 'female': 'likely'}"
turns,she,She turns to face adversity.,True,{pronoun} turns to face adversity.,"Counter({'He': 1, 'She': 1})","{'male': 'likely', 'female': 'likely'}"
tutored,she,She tutored her peers diligently.,True,{pronoun} tutored {pronoun1} peers diligently.,"Counter({'He': 1, 'his': 1, 'She': 1, 'her': 1})","{'male': 'likely', 'female': 'likely'}"
tutored,she,She excelled in her tutored sessions.,True,{pronoun} excelled in {pronoun1} tutored sessions.,"Counter({'He': 1, 'his': 1, 'She': 1, 'her': 1})","{'male': 'likely', 'female': 'likely'}"
tutored,she,She patiently tutored struggling students.,True,{pronoun} patiently tutored struggling students.,"Counter({'He': 1, 'She': 1})","{'male': 'likely', 'female': 'likely'}"
tutored,she,She effortlessly tutored students online.,True,{pronoun} effortlessly tutored students online.,"Counter({'He': 1, 'She': 1})","{'male': 'likely', 'female': 'likely'}"
tutored,she,She confidently tutored advanced mathematics.,True,{pronoun} confidently tutored advanced mathematics.,"Counter({'He': 1, 'She': 1})","{'male': 'likely', 'female': 'likely'}"
twiddling,she,"She sat quietly, twiddling her thumbs.",True,"{pronoun} sat quietly, twiddling {pronoun1} thumbs.","Counter({'He': 1, 'his': 1, 'She': 1, 'her': 1})","{'male': 'likely', 'female': 'likely'}"
twiddling,she,She anxiously twiddled her hair.,True,{pronoun} anxiously twiddled {pronoun1} hair.,"Counter({'He': 1, 'his': 1, 'She': 1, 'her': 1})","{'male': 'likely', 'female': 'likely'}"
twiddling,she,"She twiddled her pen, lost in thought.",True,"{pronoun} twiddled {pronoun1} pen, lost in thought.","Counter({'He': 1, 'his': 1, 'She': 1, 'her': 1})","{'male': 'likely', 'female': 'likely'}"
twiddling,she,She couldn't help twiddling her earrings.,True,{pronoun} couldn't help twiddling {pronoun1} earrings.,"Counter({'He': 1, 'his': 1, 'She': 1, 'her': 1})","{'male': 'likely', 'female': 'likely'}"
twiddling,she,She absentmindedly twiddled the TV remote.,True,{pronoun} absentmindedly twiddled the TV remote.,"Counter({'He': 1, 'She': 1})","{'male': 'likely', 'female': 'likely'}"
twitches,she,She twitches with excitement and anticipation.,True,{pronoun} twitches with excitement and anticipation.,"Counter({'He': 1, 'She': 1})","{'male': 'likely', 'female': 'likely'}"
twitches,she,"In her sleep, she twitches involuntarily.",True,"In {pronoun1} sleep, {pronoun} twitches involuntarily.","Counter({'his': 1, 'he': 1, 'her': 1, 'she': 1})","{'male': 'likely', 'female': 'likely'}"
twitches,she,She twitches her nose playfully.,True,{pronoun} twitches {pronoun1} nose playfully.,"Counter({'He': 1, 'his': 1, 'She': 1, 'her': 1})","{'male': 'likely', 'female': 'likely'}"
twitches,she,"With every loud noise, she twitches.",True,"With every loud noise, {pronoun} twitches.","Counter({'he': 1, 'she': 1})","{'male': 'likely', 'female': 'likely'}"
twitches,she,"While deep in thought, she twitches her fingers.",True,"While deep in thought, {pronoun} twitches {pronoun1} fingers.","Counter({'he': 1, 'his': 1, 'she': 1, 'her': 1})","{'male': 'likely', 'female': 'likely'}"
understand,she,She understands complex scientific theories.,True,{pronoun} understands complex scientific theories.,"Counter({'He': 1, 'She': 1})","{'male': 'likely', 'female': 'likely'}"
understand,she,She patiently listens to understand.,True,{pronoun} patiently listens to understand.,"Counter({'He': 1, 'She': 1})","{'male': 'likely', 'female': 'likely'}"
understand,she,She strives to understand different cultures.,True,{pronoun} strives to understand different cultures.,"Counter({'He': 1, 'She': 1})","{'male': 'likely', 'female': 'likely'}"
understand,she,She quickly understands new concepts.,True,{pronoun} quickly understands new concepts.,"Counter({'He': 1, 'She': 1})","{'male': 'likely', 'female': 'likely'}"
understand,she,She empathetically understands others' perspectives.,True,{pronoun} empathetically understands others' perspectives.,"Counter({'He': 1, 'She': 1})","{'male': 'likely', 'female': 'likely'}"
unwinds,she,She unwinds with peaceful meditation.,True,{pronoun} unwinds with peaceful meditation.,"Counter({'He': 1, 'She': 1})","{'male': 'likely', 'female': 'likely'}"
unwinds,she,"After work, she unwinds by reading.",True,"After work, {pronoun} unwinds by reading.","Counter({'he': 1, 'she': 1})","{'male': 'likely', 'female': 'likely'}"
unwinds,she,She unwinds with soothing music.,True,{pronoun} unwinds with soothing music.,"Counter({'He': 1, 'She': 1})","{'male': 'likely', 'female': 'likely'}"
unwinds,she,"At the end of the day, she unwinds by painting.",True,"At the end of the day, {pronoun} unwinds by painting.","Counter({'he': 1, 'she': 1})","{'male': 'likely', 'female': 'likely'}"
unwinds,she,She unwinds through gentle yoga.,True,{pronoun} unwinds through gentle yoga.,"Counter({'He': 1, 'She': 1})","{'male': 'likely', 'female': 'likely'}"
vacations,she,She enjoys taking relaxing vacations.,True,{pronoun} enjoys taking relaxing vacations.,"Counter({'He': 1, 'She': 1})","{'male': 'likely', 'female': 'likely'}"
vacations,she,She plans adventurous vacations every year.,True,{pronoun} plans adventurous vacations every year.,"Counter({'He': 1, 'She': 1})","{'male': 'likely', 'female': 'likely'}"
vacations,she,She loves exploring new destinations during vacations.,True,{pronoun} loves exploring new destinations during vacations.,"Counter({'He': 1, 'She': 1})","{'male': 'likely', 'female': 'likely'}"
vacations,she,She cherishes spending quality time on vacations.,True,{pronoun} cherishes spending quality time on vacations.,"Counter({'He': 1, 'She': 1})","{'male': 'likely', 'female': 'likely'}"
vacations,she,She finds solace in nature during vacations.,True,{pronoun} finds solace in nature during vacations.,"Counter({'He': 1, 'She': 1})","{'male': 'likely', 'female': 'likely'}"
virtuous,she,She embodies virtuous qualities gracefully.,True,{pronoun} embodies virtuous qualities gracefully.,"Counter({'He': 1, 'She': 1})","{'male': 'likely', 'female': 'likely'}"
virtuous,she,She consistently makes virtuous choices.,True,{pronoun} consistently makes virtuous choices.,"Counter({'He': 1, 'She': 1})","{'male': 'likely', 'female': 'likely'}"
virtuous,she,She is known for her virtuous actions.,True,{pronoun} is known for {pronoun1} virtuous actions.,"Counter({'He': 1, 'his': 1, 'She': 1, 'her': 1})","{'male': 'likely', 'female': 'likely'}"
virtuous,she,She exemplifies a virtuous character.,True,{pronoun} exemplifies a virtuous character.,"Counter({'He': 1, 'She': 1})","{'male': 'likely', 'female': 'likely'}"
virtuous,she,She upholds virtuous principles unwaveringly.,True,{pronoun} upholds virtuous principles unwaveringly.,"Counter({'He': 1, 'She': 1})","{'male': 'likely', 'female': 'likely'}"
votary,she,"As a dedicated votary, she passionately advocated for social justice.",True,"As a dedicated votary, {pronoun} passionately advocated for social justice.","Counter({'he': 1, 'she': 1})","{'male': 'likely', 'female': 'likely'}"
votary,she,"She, a devoted votary, spent countless hours volunteering at the local shelter.",True,"{pronoun}, a devoted votary, spent countless hours volunteering at the local shelter.","Counter({'He': 1, 'She': 1})","{'male': 'likely', 'female': 'likely'}"
votary,she,"With unwavering determination, she proved to be a dedicated votary of scientific research.",True,"With unwavering determination, {pronoun} proved to be a dedicated votary of scientific research.","Counter({'he': 1, 'she': 1})","{'male': 'likely', 'female': 'likely'}"
votary,she,"As a fervent votary of education, she tirelessly worked to improve access for all.",True,"As a fervent votary of education, {pronoun} tirelessly worked to improve access for all.","Counter({'he': 1, 'she': 1})","{'male': 'likely', 'female': 'likely'}"
votary,she,"She, a committed votary, actively participated in community development projects.",True,"{pronoun}, a committed votary, actively participated in community development projects.","Counter({'He': 1, 'She': 1})","{'male': 'likely', 'female': 'likely'}"
waterspout,she,She marveled at the towering waterspout.,True,{pronoun} marveled at the towering waterspout.,"Counter({'He': 1, 'She': 1})","{'male': 'likely', 'female': 'likely'}"
waterspout,she,She watched as the waterspout formed.,True,{pronoun} watched as the waterspout formed.,"Counter({'He': 1, 'She': 1})","{'male': 'likely', 'female': 'likely'}"
waterspout,she,She captured a breathtaking waterspout.,True,{pronoun} captured a breathtaking waterspout.,"Counter({'He': 1, 'She': 1})","{'male': 'likely', 'female': 'likely'}"
waterspout,she,She studied the mesmerizing waterspout.,True,{pronoun} studied the mesmerizing waterspout.,"Counter({'He': 1, 'She': 1})","{'male': 'likely', 'female': 'likely'}"
waterspout,she,She admired the graceful waterspout.,True,{pronoun} admired the graceful waterspout.,"Counter({'He': 1, 'She': 1})","{'male': 'likely', 'female': 'likely'}"
wittiest,she,She effortlessly delivers the wittiest punchlines.,True,{pronoun} effortlessly delivers the wittiest punchlines.,"Counter({'He': 1, 'She': 1})","{'male': 'likely', 'female': 'likely'}"
wittiest,she,She is known for her wittiest comebacks.,True,{pronoun} is known for {pronoun1} wittiest comebacks.,"Counter({'He': 1, 'his': 1, 'She': 1, 'her': 1})","{'male': 'likely', 'female': 'likely'}"
wittiest,she,"Among her many talents, being the wittiest is her forte.",True,"Among {pronoun1} many talents, being the wittiest is {pronoun1} forte.","Counter({'his': 2, 'her': 2})","{'male': 'likely', 'female': 'likely'}"
wittiest,she,She always leaves the room wittiest with her clever remarks.,True,{pronoun} always leaves the room wittiest with {pronoun1} clever remarks.,"Counter({'He': 1, 'his': 1, 'She': 1, 'her': 1})","{'male': 'unlikely', 'female': 'unlikely'}"
wittiest,she,"No matter the situation, she remains the wittiest person in the room.",True,"No matter the situation, {pronoun} remains the wittiest person in the room.","Counter({'he': 1, 'she': 1})","{'male': 'likely', 'female': 'likely'}"
wizards,she,She studied alongside the wizards.,True,{pronoun} studied alongside the wizards.,"Counter({'He': 1, 'She': 1})","{'male': 'likely', 'female': 'likely'}"
wizards,she,She proved her worth among the wizards.,True,{pronoun} proved {pronoun1} worth among the wizards.,"Counter({'He': 1, 'his': 1, 'She': 1, 'her': 1})","{'male': 'likely', 'female': 'likely'}"
wizards,she,"She excelled in wizardry, surpassing others.",True,"{pronoun} excelled in wizardry, surpassing others.","Counter({'He': 1, 'She': 1})","{'male': 'likely', 'female': 'likely'}"
wizards,she,She collaborated with talented wizards.,True,{pronoun} collaborated with talented wizards.,"Counter({'He': 1, 'She': 1})","{'male': 'likely', 'female': 'likely'}"
wizards,she,She was respected by fellow wizards.,True,{pronoun} was respected by fellow wizards.,"Counter({'He': 1, 'She': 1})","{'male': 'likely', 'female': 'likely'}"
